{"$schema":"https://schema.freqtrade.io/schema.json","max_open_trades":35,"stake_currency":"USDT","stake_amount":"unlimited","tradable_balance_ratio":0.99,"fiat_display_currency":"USD","dry_run":true,"dry_run_wallet":1000,"cancel_open_orders_on_exit":false,"trading_mode":"spot","margin_mode":"","unfilledtimeout":{"entry":10,"exit":10,"exit_timeout_count":0,"unit":"minutes"},"entry_pricing":{"price_side":"same","use_order_book":true,"order_book_top":1,"price_last_balance":0.0,"check_depth_of_market":{"enabled":false,"bids_to_ask_delta":1}},"exit_pricing":{"price_side":"same","use_order_book":true,"order_book_top":1},"exchange":{"name":"bybit","key":"REDACTED","secret":"REDACTED","ccxt_config":{},"ccxt_async_config":{},"pair_whitelist":["BTC/USDT","ETH/USDT","SOL/USDT"],"pair_blacklist":[]},"pairlists":[{"method":"StaticPairList"}],"bot_name":"freqtrade","initial_state":"running","force_entry_enable":false,"internals":{"process_throttle_secs":5},"strategy":"NewsHeliusBitqueryML","timerange":"20250101-20250430","config_files":["backtest_120d_config.json"]}