{"exchange":{"name":"bybit","key":"REDACTED","secret":"REDACTED","ccxt_config":{"enableRateLimit":true,"sandbox":false,"timeout":30000,"options":{"defaultType":"linear"}},"ccxt_async_config":{"enableRateLimit":true,"timeout":30000,"rateLimit":500,"options":{"defaultType":"linear"}},"pair_whitelist":["BTC/USDT:USDT","ETH/USDT:USDT","SOL/USDT:USDT"]},"trading_mode":"futures","margin_mode":"isolated","max_open_trades":3,"dry_run_wallet":1000,"strategy_path":"user_data/strategies/","timeframe":"5m","stake_currency":"USDT","stake_amount":"unlimited","leverage":{"enabled":true,"max_leverage":3,"leverage_type":"isolated"},"dry_run":true,"strategy":"NewsHeliusBitqueryML","pairlists":[{"method":"StaticPairList"}],"order_types":{"entry":"limit","exit":"limit","emergency_exit":"market","force_entry":"market","force_exit":"market","stoploss":"limit","stoploss_on_exchange":true,"stoploss_on_exchange_interval":60,"stoploss_on_exchange_limit_ratio":0.99},"order_time_in_force":{"entry":"gtc","exit":"gtc"},"ignore_buying_expired_candle_after":1,"unfilledtimeout":{"entry":10,"exit":10,"exit_timeout_count":0,"unit":"minutes"},"entry_pricing":{"price_side":"same","use_order_book":true,"order_book_top":1,"price_last_balance":0.0,"check_depth_of_market":{"enabled":false,"bids_to_ask_delta":1}},"exit_pricing":{"price_side":"same","use_order_book":true,"order_book_top":1,"price_last_balance":0.0},"internals":{"process_throttle_secs":5},"disable_dataframe_checks":false,"config_files":["config_backtest.json"]}