{"strategy":{"NewsHeliusBitqueryML":{"trades":[{"pair":"BTC/USDT:USDT","stake_amount":328.9647,"max_stake_amount":328.9647,"amount":0.003,"open_date":"2025-06-10 13:00:00+00:00","close_date":"2025-06-10 13:20:00+00:00","open_rate":109654.9,"close_rate":109857.9,"fee_open":0.0006,"fee_close":0.0006,"trade_duration":20,"profit_ratio":0.0006497618460994018,"profit_abs":0.21387696,"exit_reason":"exit_signal","initial_stop_loss_abs":107461.9,"initial_stop_loss_ratio":-0.02,"stop_loss_abs":107461.9,"stop_loss_ratio":-0.02,"min_rate":109585.0,"max_rate":109863.0,"is_open":false,"enter_tag":"","leverage":1.0,"is_short":false,"open_timestamp":1749560400000,"close_timestamp":1749561600000,"orders":[{"amount":0.003,"safe_price":109654.9,"ft_order_side":"buy","order_filled_timestamp":1749560400000,"ft_is_entry":true,"ft_order_tag":"","cost":329.16207882},{"amount":0.003,"safe_price":109857.9,"ft_order_side":"sell","order_filled_timestamp":1749561600000,"ft_is_entry":false,"ft_order_tag":"exit_signal","cost":329.77144422}],"funding_fees":0.0},{"pair":"BTC/USDT:USDT","stake_amount":329.391,"max_stake_amount":329.391,"amount":0.003,"open_date":"2025-06-11 03:25:00+00:00","close_date":"2025-06-11 03:40:00+00:00","open_rate":109797.0,"close_rate":109672.9,"fee_open":0.0006,"fee_close":0.0006,"trade_duration":15,"profit_ratio":-0.002328192599636444,"profit_abs":-0.76734582,"exit_reason":"exit_signal","initial_stop_loss_abs":107601.1,"initial_stop_loss_ratio":-0.02,"stop_loss_abs":107601.1,"stop_loss_ratio":-0.02,"min_rate":109577.1,"max_rate":109812.4,"is_open":false,"enter_tag":"","leverage":1.0,"is_short":false,"open_timestamp":1749612300000,"close_timestamp":1749613200000,"orders":[{"amount":0.003,"safe_price":109797.0,"ft_order_side":"buy","order_filled_timestamp":1749612300000,"ft_is_entry":true,"ft_order_tag":"","cost":329.5886346},{"amount":0.003,"safe_price":109672.9,"ft_order_side":"sell","order_filled_timestamp":1749613200000,"ft_is_entry":false,"ft_order_tag":"exit_signal","cost":329.21611121999996}],"funding_fees":0.0},{"pair":"BTC/USDT:USDT","stake_amount":325.8216,"max_stake_amount":325.8216,"amount":0.003,"open_date":"2025-06-12 01:10:00+00:00","close_date":"2025-06-12 01:15:00+00:00","open_rate":108607.2,"close_rate":108527.6,"fee_open":0.0006,"fee_close":0.0006,"trade_duration":5,"profit_ratio":-0.0019313178774870332,"profit_abs":-0.62964264,"exit_reason":"exit_signal","initial_stop_loss_abs":106435.1,"initial_stop_loss_ratio":-0.02,"stop_loss_abs":106435.1,"stop_loss_ratio":-0.02,"min_rate":108434.1,"max_rate":108648.1,"is_open":false,"enter_tag":"","leverage":1.0,"is_short":false,"open_timestamp":1749690600000,"close_timestamp":1749690900000,"orders":[{"amount":0.003,"safe_price":108607.2,"ft_order_side":"buy","order_filled_timestamp":1749690600000,"ft_is_entry":true,"ft_order_tag":"","cost":326.01709295999996},{"amount":0.003,"safe_price":108527.6,"ft_order_side":"sell","order_filled_timestamp":1749690900000,"ft_is_entry":false,"ft_order_tag":"exit_signal","cost":325.77814968}],"funding_fees":0.0},{"pair":"BTC/USDT:USDT","stake_amount":322.5,"max_stake_amount":322.5,"amount":0.003,"open_date":"2025-06-12 16:25:00+00:00","close_date":"2025-06-12 17:00:00+00:00","open_rate":107500.0,"close_rate":107702.5,"fee_open":0.0006,"fee_close":0.0006,"trade_duration":35,"profit_ratio":0.0006821813888411141,"profit_abs":0.2201355,"exit_reason":"exit_signal","initial_stop_loss_abs":105350.0,"initial_stop_loss_ratio":-0.02,"stop_loss_abs":105350.0,"stop_loss_ratio":-0.02,"min_rate":107440.0,"max_rate":107837.8,"is_open":false,"enter_tag":"","leverage":1.0,"is_short":false,"open_timestamp":1749745500000,"close_timestamp":1749747600000,"orders":[{"amount":0.003,"safe_price":107500.0,"ft_order_side":"buy","order_filled_timestamp":1749745500000,"ft_is_entry":true,"ft_order_tag":"","cost":322.6935},{"amount":0.003,"safe_price":107702.5,"ft_order_side":"sell","order_filled_timestamp":1749747600000,"ft_is_entry":false,"ft_order_tag":"exit_signal","cost":323.3013645}],"funding_fees":0.0},{"pair":"BTC/USDT:USDT","stake_amount":315.6063,"max_stake_amount":315.6063,"amount":0.003,"open_date":"2025-06-13 13:40:00+00:00","close_date":"2025-06-13 13:55:00+00:00","open_rate":105202.1,"close_rate":104710.1,"fee_open":0.0006,"fee_close":0.0006,"trade_duration":15,"profit_ratio":-0.0058703844688997526,"profit_abs":-1.85384196,"exit_reason":"exit_signal","initial_stop_loss_abs":103098.1,"initial_stop_loss_ratio":-0.02,"stop_loss_abs":103098.1,"stop_loss_ratio":-0.02,"min_rate":104619.7,"max_rate":105261.5,"is_open":false,"enter_tag":"","leverage":1.0,"is_short":false,"open_timestamp":1749822000000,"close_timestamp":1749822900000,"orders":[{"amount":0.003,"safe_price":105202.1,"ft_order_side":"buy","order_filled_timestamp":1749822000000,"ft_is_entry":true,"ft_order_tag":"","cost":315.79566378},{"amount":0.003,"safe_price":104710.1,"ft_order_side":"sell","order_filled_timestamp":1749822900000,"ft_is_entry":false,"ft_order_tag":"exit_signal","cost":314.31877818000004}],"funding_fees":0.0},{"pair":"BTC/USDT:USDT","stake_amount":314.871,"max_stake_amount":314.871,"amount":0.003,"open_date":"2025-06-14 11:50:00+00:00","close_date":"2025-06-14 12:10:00+00:00","open_rate":104957.0,"close_rate":104967.2,"fee_open":0.0006,"fee_close":0.0006,"trade_duration":20,"profit_ratio":-0.001102214325244045,"profit_abs":-0.34726356,"exit_reason":"exit_signal","initial_stop_loss_abs":102857.9,"initial_stop_loss_ratio":-0.02,"stop_loss_abs":102857.9,"stop_loss_ratio":-0.02,"min_rate":104867.9,"max_rate":105047.0,"is_open":false,"enter_tag":"","leverage":1.0,"is_short":false,"open_timestamp":1749901800000,"close_timestamp":1749903000000,"orders":[{"amount":0.003,"safe_price":104957.0,"ft_order_side":"buy","order_filled_timestamp":1749901800000,"ft_is_entry":true,"ft_order_tag":"","cost":315.05992259999994},{"amount":0.003,"safe_price":104967.2,"ft_order_side":"sell","order_filled_timestamp":1749903000000,"ft_is_entry":false,"ft_order_tag":"exit_signal","cost":315.09054095999994}],"funding_fees":0.0},{"pair":"BTC/USDT:USDT","stake_amount":314.898,"max_stake_amount":314.898,"amount":0.003,"open_date":"2025-06-14 13:15:00+00:00","close_date":"2025-06-14 13:20:00+00:00","open_rate":104966.0,"close_rate":104861.3,"fee_open":0.0006,"fee_close":0.0006,"trade_duration":5,"profit_ratio":-0.0021955500365539115,"profit_abs":-0.69178914,"exit_reason":"exit_signal","initial_stop_loss_abs":102866.7,"initial_stop_loss_ratio":-0.02,"stop_loss_abs":102866.7,"stop_loss_ratio":-0.02,"min_rate":104842.8,"max_rate":105015.1,"is_open":false,"enter_tag":"","leverage":1.0,"is_short":false,"open_timestamp":1749906900000,"close_timestamp":1749907200000,"orders":[{"amount":0.003,"safe_price":104966.0,"ft_order_side":"buy","order_filled_timestamp":1749906900000,"ft_is_entry":true,"ft_order_tag":"","cost":315.0869388},{"amount":0.003,"safe_price":104861.3,"ft_order_side":"sell","order_filled_timestamp":1749907200000,"ft_is_entry":false,"ft_order_tag":"exit_signal","cost":314.77265034}],"funding_fees":0.0},{"pair":"BTC/USDT:USDT","stake_amount":316.644,"max_stake_amount":316.644,"amount":0.003,"open_date":"2025-06-15 02:15:00+00:00","close_date":"2025-06-15 02:45:00+00:00","open_rate":105548.0,"close_rate":105486.3,"fee_open":0.0006,"fee_close":0.0006,"trade_duration":30,"profit_ratio":-0.0017831475291503007,"profit_abs":-0.56496174,"exit_reason":"exit_signal","initial_stop_loss_abs":103437.1,"initial_stop_loss_ratio":-0.02,"stop_loss_abs":103437.1,"stop_loss_ratio":-0.02,"min_rate":105464.7,"max_rate":105576.0,"is_open":false,"enter_tag":"","leverage":1.0,"is_short":false,"open_timestamp":1749953700000,"close_timestamp":1749955500000,"orders":[{"amount":0.003,"safe_price":105548.0,"ft_order_side":"buy","order_filled_timestamp":1749953700000,"ft_is_entry":true,"ft_order_tag":"","cost":316.83398639999996},{"amount":0.003,"safe_price":105486.3,"ft_order_side":"sell","order_filled_timestamp":1749955500000,"ft_is_entry":false,"ft_order_tag":"exit_signal","cost":316.64877534}],"funding_fees":0.0},{"pair":"BTC/USDT:USDT","stake_amount":316.5672,"max_stake_amount":316.5672,"amount":0.003,"open_date":"2025-06-15 04:50:00+00:00","close_date":"2025-06-15 05:10:00+00:00","open_rate":105522.4,"close_rate":105480.1,"fee_open":0.0006,"fee_close":0.0006,"trade_duration":20,"profit_ratio":-0.0015996624400893,"profit_abs":-0.5067045,"exit_reason":"exit_signal","initial_stop_loss_abs":103412.0,"initial_stop_loss_ratio":-0.02,"stop_loss_abs":103412.0,"stop_loss_ratio":-0.02,"min_rate":105480.1,"max_rate":105522.4,"is_open":false,"enter_tag":"","leverage":1.0,"is_short":false,"open_timestamp":1749963000000,"close_timestamp":1749964200000,"orders":[{"amount":0.003,"safe_price":105522.4,"ft_order_side":"buy","order_filled_timestamp":1749963000000,"ft_is_entry":true,"ft_order_tag":"","cost":316.75714032},{"amount":0.003,"safe_price":105480.1,"ft_order_side":"sell","order_filled_timestamp":1749964200000,"ft_is_entry":false,"ft_order_tag":"exit_signal","cost":316.63016418}],"funding_fees":0.0},{"pair":"BTC/USDT:USDT","stake_amount":314.2308,"max_stake_amount":314.2308,"amount":0.003,"open_date":"2025-06-18 16:00:00+00:00","close_date":"2025-06-18 16:05:00+00:00","open_rate":104743.6,"close_rate":104645.4,"fee_open":0.0006,"fee_close":0.0006,"trade_duration":5,"profit_ratio":-0.0021651163166075496,"profit_abs":-0.68075444,"exit_reason":"exit_signal","initial_stop_loss_abs":102648.8,"initial_stop_loss_ratio":-0.02,"stop_loss_abs":102648.8,"stop_loss_ratio":-0.02,"min_rate":104558.8,"max_rate":104780.0,"is_open":false,"enter_tag":"","leverage":1.0,"is_short":false,"open_timestamp":1750262400000,"close_timestamp":1750262700000,"orders":[{"amount":0.003,"safe_price":104743.6,"ft_order_side":"buy","order_filled_timestamp":1750262400000,"ft_is_entry":true,"ft_order_tag":"","cost":314.41933848},{"amount":0.003,"safe_price":104645.4,"ft_order_side":"sell","order_filled_timestamp":1750262700000,"ft_is_entry":false,"ft_order_tag":"exit_signal","cost":314.12456172}],"funding_fees":-0.009254243721},{"pair":"BTC/USDT:USDT","stake_amount":307.0218,"max_stake_amount":307.0218,"amount":0.003,"open_date":"2025-06-22 03:20:00+00:00","close_date":"2025-06-22 03:25:00+00:00","open_rate":102340.6,"close_rate":102189.3,"fee_open":0.0006,"fee_close":0.0006,"trade_duration":5,"profit_ratio":-0.0026759040676262017,"profit_abs":-0.82205382,"exit_reason":"exit_signal","initial_stop_loss_abs":100293.8,"initial_stop_loss_ratio":-0.02,"stop_loss_abs":100293.8,"stop_loss_ratio":-0.02,"min_rate":102098.2,"max_rate":102344.0,"is_open":false,"enter_tag":"","leverage":1.0,"is_short":false,"open_timestamp":1750562400000,"close_timestamp":1750562700000,"orders":[{"amount":0.003,"safe_price":102340.6,"ft_order_side":"buy","order_filled_timestamp":1750562400000,"ft_is_entry":true,"ft_order_tag":"","cost":307.20601308000005},{"amount":0.003,"safe_price":102189.3,"ft_order_side":"sell","order_filled_timestamp":1750562700000,"ft_is_entry":false,"ft_order_tag":"exit_signal","cost":306.75184074}],"funding_fees":0.0},{"pair":"BTC/USDT:USDT","stake_amount":298.8903,"max_stake_amount":298.8903,"amount":0.003,"open_date":"2025-06-22 18:50:00+00:00","close_date":"2025-06-22 19:00:00+00:00","open_rate":99630.1,"close_rate":99380.0,"fee_open":0.0006,"fee_close":0.0006,"trade_duration":10,"profit_ratio":-0.003706555441642798,"profit_abs":-1.10851818,"exit_reason":"exit_signal","initial_stop_loss_abs":97637.5,"initial_stop_loss_ratio":-0.02,"stop_loss_abs":97637.5,"stop_loss_ratio":-0.02,"min_rate":99154.0,"max_rate":99743.0,"is_open":false,"enter_tag":"","leverage":1.0,"is_short":false,"open_timestamp":1750618200000,"close_timestamp":1750618800000,"orders":[{"amount":0.003,"safe_price":99630.1,"ft_order_side":"buy","order_filled_timestamp":1750618200000,"ft_is_entry":true,"ft_order_tag":"","cost":299.06963418},{"amount":0.003,"safe_price":99380.0,"ft_order_side":"sell","order_filled_timestamp":1750618800000,"ft_is_entry":false,"ft_order_tag":"exit_signal","cost":298.31888399999997}],"funding_fees":0.0},{"pair":"BTC/USDT:USDT","stake_amount":299.3262,"max_stake_amount":299.3262,"amount":0.003,"open_date":"2025-06-22 22:05:00+00:00","close_date":"2025-06-22 22:20:00+00:00","open_rate":99775.4,"close_rate":100312.8,"fee_open":0.0006,"fee_close":0.0006,"trade_duration":15,"profit_ratio":0.004180357301567881,"profit_abs":1.25204124,"exit_reason":"exit_signal","initial_stop_loss_abs":97779.9,"initial_stop_loss_ratio":-0.02,"stop_loss_abs":97779.9,"stop_loss_ratio":-0.02,"min_rate":99767.7,"max_rate":100653.1,"is_open":false,"enter_tag":"","leverage":1.0,"is_short":false,"open_timestamp":1750629900000,"close_timestamp":1750630800000,"orders":[{"amount":0.003,"safe_price":99775.4,"ft_order_side":"buy","order_filled_timestamp":1750629900000,"ft_is_entry":true,"ft_order_tag":"","cost":299.5057957199999},{"amount":0.003,"safe_price":100312.8,"ft_order_side":"sell","order_filled_timestamp":1750630800000,"ft_is_entry":false,"ft_order_tag":"exit_signal","cost":301.11896304}],"funding_fees":0.0},{"pair":"BTC/USDT:USDT","stake_amount":302.9286,"max_stake_amount":302.9286,"amount":0.003,"open_date":"2025-06-23 02:10:00+00:00","close_date":"2025-06-23 02:30:00+00:00","open_rate":100976.2,"close_rate":101163.8,"fee_open":0.0006,"fee_close":0.0006,"trade_duration":20,"profit_ratio":0.000656355005035289,"profit_abs":0.198948,"exit_reason":"exit_signal","initial_stop_loss_abs":98956.7,"initial_stop_loss_ratio":-0.02,"stop_loss_abs":98956.7,"stop_loss_ratio":-0.02,"min_rate":100927.8,"max_rate":101327.3,"is_open":false,"enter_tag":"","leverage":1.0,"is_short":false,"open_timestamp":1750644600000,"close_timestamp":1750645800000,"orders":[{"amount":0.003,"safe_price":100976.2,"ft_order_side":"buy","order_filled_timestamp":1750644600000,"ft_is_entry":true,"ft_order_tag":"","cost":303.11035716},{"amount":0.003,"safe_price":101163.8,"ft_order_side":"sell","order_filled_timestamp":1750645800000,"ft_is_entry":false,"ft_order_tag":"exit_signal","cost":303.67349484}],"funding_fees":0.0},{"pair":"BTC/USDT:USDT","stake_amount":315.8904,"max_stake_amount":315.8904,"amount":0.003,"open_date":"2025-06-24 10:40:00+00:00","close_date":"2025-06-24 11:10:00+00:00","open_rate":105296.8,"close_rate":105179.5,"fee_open":0.0006,"fee_close":0.0006,"trade_duration":30,"profit_ratio":-0.0023119384081026,"profit_abs":-0.73075734,"exit_reason":"exit_signal","initial_stop_loss_abs":103190.9,"initial_stop_loss_ratio":-0.02,"stop_loss_abs":103190.9,"stop_loss_ratio":-0.02,"min_rate":105088.9,"max_rate":105347.0,"is_open":false,"enter_tag":"","leverage":1.0,"is_short":false,"open_timestamp":1750761600000,"close_timestamp":1750763400000,"orders":[{"amount":0.003,"safe_price":105296.8,"ft_order_side":"buy","order_filled_timestamp":1750761600000,"ft_is_entry":true,"ft_order_tag":"","cost":316.07993424},{"amount":0.003,"safe_price":105179.5,"ft_order_side":"sell","order_filled_timestamp":1750763400000,"ft_is_entry":false,"ft_order_tag":"exit_signal","cost":315.72782309999997}],"funding_fees":0.0},{"pair":"BTC/USDT:USDT","stake_amount":317.2656,"max_stake_amount":317.2656,"amount":0.003,"open_date":"2025-06-24 16:45:00+00:00","close_date":"2025-06-24 16:55:00+00:00","open_rate":105755.2,"close_rate":105971.7,"fee_open":0.0006,"fee_close":0.0006,"trade_duration":10,"profit_ratio":0.0008454450832836304,"profit_abs":0.26839158,"exit_reason":"exit_signal","initial_stop_loss_abs":103640.1,"initial_stop_loss_ratio":-0.02,"stop_loss_abs":103640.1,"stop_loss_ratio":-0.02,"min_rate":105679.0,"max_rate":106233.0,"is_open":false,"enter_tag":"","leverage":1.0,"is_short":false,"open_timestamp":1750783500000,"close_timestamp":1750784100000,"orders":[{"amount":0.003,"safe_price":105755.2,"ft_order_side":"buy","order_filled_timestamp":1750783500000,"ft_is_entry":true,"ft_order_tag":"","cost":317.45595936},{"amount":0.003,"safe_price":105971.7,"ft_order_side":"sell","order_filled_timestamp":1750784100000,"ft_is_entry":false,"ft_order_tag":"exit_signal","cost":318.10584905999997}],"funding_fees":0.0},{"pair":"BTC/USDT:USDT","stake_amount":321.6186,"max_stake_amount":321.6186,"amount":0.003,"open_date":"2025-06-26 17:20:00+00:00","close_date":"2025-06-26 17:35:00+00:00","open_rate":107206.2,"close_rate":107206.4,"fee_open":0.0006,"fee_close":0.0006,"trade_duration":15,"profit_ratio":-0.001197417105329669,"profit_abs":-0.38534268,"exit_reason":"exit_signal","initial_stop_loss_abs":105062.1,"initial_stop_loss_ratio":-0.02,"stop_loss_abs":105062.1,"stop_loss_ratio":-0.02,"min_rate":107189.3,"max_rate":107333.0,"is_open":false,"enter_tag":"","leverage":1.0,"is_short":false,"open_timestamp":1750958400000,"close_timestamp":1750959300000,"orders":[{"amount":0.003,"safe_price":107206.2,"ft_order_side":"buy","order_filled_timestamp":1750958400000,"ft_is_entry":true,"ft_order_tag":"","cost":321.81157115999997},{"amount":0.003,"safe_price":107206.4,"ft_order_side":"sell","order_filled_timestamp":1750959300000,"ft_is_entry":false,"ft_order_tag":"exit_signal","cost":321.81217151999994}],"funding_fees":0.0},{"pair":"BTC/USDT:USDT","stake_amount":321.0003,"max_stake_amount":321.0003,"amount":0.003,"open_date":"2025-06-27 10:55:00+00:00","close_date":"2025-06-27 11:00:00+00:00","open_rate":107000.1,"close_rate":106949.1,"fee_open":0.0006,"fee_close":0.0006,"trade_duration":5,"profit_ratio":-0.0016753438811955,"profit_abs":-0.53810856,"exit_reason":"exit_signal","initial_stop_loss_abs":104860.1,"initial_stop_loss_ratio":-0.02,"stop_loss_abs":104860.1,"stop_loss_ratio":-0.02,"min_rate":106940.0,"max_rate":107000.1,"is_open":false,"enter_tag":"","leverage":1.0,"is_short":false,"open_timestamp":1751021700000,"close_timestamp":1751022000000,"orders":[{"amount":0.003,"safe_price":107000.1,"ft_order_side":"buy","order_filled_timestamp":1751021700000,"ft_is_entry":true,"ft_order_tag":"","cost":321.19290018000004},{"amount":0.003,"safe_price":106949.1,"ft_order_side":"sell","order_filled_timestamp":1751022000000,"ft_is_entry":false,"ft_order_tag":"exit_signal","cost":321.03980838}],"funding_fees":0.0},{"pair":"BTC/USDT:USDT","stake_amount":321.0,"max_stake_amount":321.0,"amount":0.003,"open_date":"2025-06-28 02:10:00+00:00","close_date":"2025-06-28 02:25:00+00:00","open_rate":107000.0,"close_rate":107119.9,"fee_open":0.0006,"fee_close":0.0006,"trade_duration":15,"profit_ratio":-8.006355065465394e-05,"profit_abs":-0.02571582,"exit_reason":"exit_signal","initial_stop_loss_abs":104860.0,"initial_stop_loss_ratio":-0.02,"stop_loss_abs":104860.0,"stop_loss_ratio":-0.02,"min_rate":106983.4,"max_rate":107127.8,"is_open":false,"enter_tag":"","leverage":1.0,"is_short":false,"open_timestamp":1751076600000,"close_timestamp":1751077500000,"orders":[{"amount":0.003,"safe_price":107000.0,"ft_order_side":"buy","order_filled_timestamp":1751076600000,"ft_is_entry":true,"ft_order_tag":"","cost":321.19259999999997},{"amount":0.003,"safe_price":107119.9,"ft_order_side":"sell","order_filled_timestamp":1751077500000,"ft_is_entry":false,"ft_order_tag":"exit_signal","cost":321.55251581999994}],"funding_fees":0.0},{"pair":"BTC/USDT:USDT","stake_amount":321.8997,"max_stake_amount":321.8997,"amount":0.003,"open_date":"2025-06-28 12:55:00+00:00","close_date":"2025-06-28 13:10:00+00:00","open_rate":107299.9,"close_rate":107278.5,"fee_open":0.0006,"fee_close":0.0006,"trade_duration":15,"profit_ratio":-0.001398482252047971,"profit_abs":-0.45044112,"exit_reason":"exit_signal","initial_stop_loss_abs":105154.0,"initial_stop_loss_ratio":-0.02,"stop_loss_abs":105154.0,"stop_loss_ratio":-0.02,"min_rate":107268.1,"max_rate":107311.9,"is_open":false,"enter_tag":"","leverage":1.0,"is_short":false,"open_timestamp":1751115300000,"close_timestamp":1751116200000,"orders":[{"amount":0.003,"safe_price":107299.9,"ft_order_side":"buy","order_filled_timestamp":1751115300000,"ft_is_entry":true,"ft_order_tag":"","cost":322.09283982},{"amount":0.003,"safe_price":107278.5,"ft_order_side":"sell","order_filled_timestamp":1751116200000,"ft_is_entry":false,"ft_order_tag":"exit_signal","cost":322.0286013}],"funding_fees":0.0},{"pair":"BTC/USDT:USDT","stake_amount":323.0787,"max_stake_amount":323.0787,"amount":0.003,"open_date":"2025-06-30 17:30:00+00:00","close_date":"2025-06-30 17:35:00+00:00","open_rate":107692.9,"close_rate":107654.9,"fee_open":0.0006,"fee_close":0.0006,"trade_duration":5,"profit_ratio":-0.0015517124615553057,"profit_abs":-0.50162604,"exit_reason":"exit_signal","initial_stop_loss_abs":105539.1,"initial_stop_loss_ratio":-0.02,"stop_loss_abs":105539.1,"stop_loss_ratio":-0.02,"min_rate":107565.9,"max_rate":107701.7,"is_open":false,"enter_tag":"","leverage":1.0,"is_short":false,"open_timestamp":1751304600000,"close_timestamp":1751304900000,"orders":[{"amount":0.003,"safe_price":107692.9,"ft_order_side":"buy","order_filled_timestamp":1751304600000,"ft_is_entry":true,"ft_order_tag":"","cost":323.2725472199999},{"amount":0.003,"safe_price":107654.9,"ft_order_side":"sell","order_filled_timestamp":1751304900000,"ft_is_entry":false,"ft_order_tag":"exit_signal","cost":323.15847881999997}],"funding_fees":0.0},{"pair":"BTC/USDT:USDT","stake_amount":219.147,"max_stake_amount":219.147,"amount":0.002,"open_date":"2025-07-03 18:30:00+00:00","close_date":"2025-07-03 18:35:00+00:00","open_rate":109573.5,"close_rate":109468.6,"fee_open":0.0006,"fee_close":0.0006,"trade_duration":5,"profit_ratio":-0.0021554805666523197,"profit_abs":-0.47265052,"exit_reason":"exit_signal","initial_stop_loss_abs":107382.1,"initial_stop_loss_ratio":-0.02,"stop_loss_abs":107382.1,"stop_loss_ratio":-0.02,"min_rate":109428.6,"max_rate":109593.3,"is_open":false,"enter_tag":"","leverage":1.0,"is_short":false,"open_timestamp":1751567400000,"close_timestamp":1751567700000,"orders":[{"amount":0.002,"safe_price":109573.5,"ft_order_side":"buy","order_filled_timestamp":1751567400000,"ft_is_entry":true,"ft_order_tag":"","cost":219.27848819999997},{"amount":0.002,"safe_price":109468.6,"ft_order_side":"sell","order_filled_timestamp":1751567700000,"ft_is_entry":false,"ft_order_tag":"exit_signal","cost":219.06856232}],"funding_fees":0.0},{"pair":"BTC/USDT:USDT","stake_amount":326.9073,"max_stake_amount":326.9073,"amount":0.003,"open_date":"2025-07-04 11:25:00+00:00","close_date":"2025-07-04 11:40:00+00:00","open_rate":108969.1,"close_rate":108934.3,"fee_open":0.0006,"fee_close":0.0006,"trade_duration":15,"profit_ratio":-0.0015182540218777504,"profit_abs":-0.49662612,"exit_reason":"exit_signal","initial_stop_loss_abs":106789.8,"initial_stop_loss_ratio":-0.02,"stop_loss_abs":106789.8,"stop_loss_ratio":-0.02,"min_rate":108925.0,"max_rate":109042.0,"is_open":false,"enter_tag":"","leverage":1.0,"is_short":false,"open_timestamp":1751628300000,"close_timestamp":1751629200000,"orders":[{"amount":0.003,"safe_price":108969.1,"ft_order_side":"buy","order_filled_timestamp":1751628300000,"ft_is_entry":true,"ft_order_tag":"","cost":327.10344438},{"amount":0.003,"safe_price":108934.3,"ft_order_side":"sell","order_filled_timestamp":1751629200000,"ft_is_entry":false,"ft_order_tag":"exit_signal","cost":326.99898174}],"funding_fees":0.0},{"pair":"BTC/USDT:USDT","stake_amount":324.3624,"max_stake_amount":324.3624,"amount":0.003,"open_date":"2025-07-05 13:05:00+00:00","close_date":"2025-07-05 13:40:00+00:00","open_rate":108120.8,"close_rate":108073.9,"fee_open":0.0006,"fee_close":0.0006,"trade_duration":35,"profit_ratio":-0.0016325342899047072,"profit_abs":-0.52985046,"exit_reason":"exit_signal","initial_stop_loss_abs":105958.4,"initial_stop_loss_ratio":-0.02,"stop_loss_abs":105958.4,"stop_loss_ratio":-0.02,"min_rate":108062.1,"max_rate":108191.6,"is_open":false,"enter_tag":"","leverage":1.0,"is_short":false,"open_timestamp":1751720700000,"close_timestamp":1751722800000,"orders":[{"amount":0.003,"safe_price":108120.8,"ft_order_side":"buy","order_filled_timestamp":1751720700000,"ft_is_entry":true,"ft_order_tag":"","cost":324.55701744000004},{"amount":0.003,"safe_price":108073.9,"ft_order_side":"sell","order_filled_timestamp":1751722800000,"ft_is_entry":false,"ft_order_tag":"exit_signal","cost":324.41623302}],"funding_fees":0.0},{"pair":"BTC/USDT:USDT","stake_amount":324.2184,"max_stake_amount":324.2184,"amount":0.003,"open_date":"2025-07-05 21:10:00+00:00","close_date":"2025-07-05 21:15:00+00:00","open_rate":108072.8,"close_rate":107997.0,"fee_open":0.0006,"fee_close":0.0006,"trade_duration":5,"profit_ratio":-0.001899818351950981,"profit_abs":-0.61632564,"exit_reason":"exit_signal","initial_stop_loss_abs":105911.4,"initial_stop_loss_ratio":-0.02,"stop_loss_abs":105911.4,"stop_loss_ratio":-0.02,"min_rate":107997.0,"max_rate":108072.9,"is_open":false,"enter_tag":"","leverage":1.0,"is_short":false,"open_timestamp":1751749800000,"close_timestamp":1751750100000,"orders":[{"amount":0.003,"safe_price":108072.8,"ft_order_side":"buy","order_filled_timestamp":1751749800000,"ft_is_entry":true,"ft_order_tag":"","cost":324.41293104},{"amount":0.003,"safe_price":107997.0,"ft_order_side":"sell","order_filled_timestamp":1751750100000,"ft_is_entry":false,"ft_order_tag":"exit_signal","cost":324.18539459999994}],"funding_fees":0.0},{"pair":"BTC/USDT:USDT","stake_amount":324.1731,"max_stake_amount":324.1731,"amount":0.003,"open_date":"2025-07-07 23:10:00+00:00","close_date":"2025-07-07 23:40:00+00:00","open_rate":108057.7,"close_rate":108165.6,"fee_open":0.0006,"fee_close":0.0006,"trade_duration":30,"profit_ratio":-0.0002019373674205493,"profit_abs":-0.06550194,"exit_reason":"exit_signal","initial_stop_loss_abs":105896.6,"initial_stop_loss_ratio":-0.02,"stop_loss_abs":105896.6,"stop_loss_ratio":-0.02,"min_rate":108050.0,"max_rate":108229.2,"is_open":false,"enter_tag":"","leverage":1.0,"is_short":false,"open_timestamp":1751929800000,"close_timestamp":1751931600000,"orders":[{"amount":0.003,"safe_price":108057.7,"ft_order_side":"buy","order_filled_timestamp":1751929800000,"ft_is_entry":true,"ft_order_tag":"","cost":324.36760386},{"amount":0.003,"safe_price":108165.6,"ft_order_side":"sell","order_filled_timestamp":1751931600000,"ft_is_entry":false,"ft_order_tag":"exit_signal","cost":324.69149808}],"funding_fees":0.0},{"pair":"BTC/USDT:USDT","stake_amount":325.152,"max_stake_amount":325.152,"amount":0.003,"open_date":"2025-07-08 09:40:00+00:00","close_date":"2025-07-08 09:50:00+00:00","open_rate":108384.0,"close_rate":108438.0,"fee_open":0.0006,"fee_close":0.0006,"trade_duration":10,"profit_ratio":-0.0007016494266416234,"profit_abs":-0.2282796,"exit_reason":"exit_signal","initial_stop_loss_abs":106216.4,"initial_stop_loss_ratio":-0.02,"stop_loss_abs":106216.4,"stop_loss_ratio":-0.02,"min_rate":108384.0,"max_rate":108453.0,"is_open":false,"enter_tag":"","leverage":1.0,"is_short":false,"open_timestamp":1751967600000,"close_timestamp":1751968200000,"orders":[{"amount":0.003,"safe_price":108384.0,"ft_order_side":"buy","order_filled_timestamp":1751967600000,"ft_is_entry":true,"ft_order_tag":"","cost":325.34709119999997},{"amount":0.003,"safe_price":108438.0,"ft_order_side":"sell","order_filled_timestamp":1751968200000,"ft_is_entry":false,"ft_order_tag":"exit_signal","cost":325.5091884}],"funding_fees":0.0},{"pair":"BTC/USDT:USDT","stake_amount":217.709,"max_stake_amount":217.709,"amount":0.002,"open_date":"2025-07-08 23:05:00+00:00","close_date":"2025-07-08 23:30:00+00:00","open_rate":108854.5,"close_rate":108789.9,"fee_open":0.0006,"fee_close":0.0006,"trade_duration":25,"profit_ratio":-0.0017920214436799155,"profit_abs":-0.39037328,"exit_reason":"exit_signal","initial_stop_loss_abs":106677.5,"initial_stop_loss_ratio":-0.02,"stop_loss_abs":106677.5,"stop_loss_ratio":-0.02,"min_rate":108762.5,"max_rate":108927.0,"is_open":false,"enter_tag":"","leverage":1.0,"is_short":false,"open_timestamp":1752015900000,"close_timestamp":1752017400000,"orders":[{"amount":0.002,"safe_price":108854.5,"ft_order_side":"buy","order_filled_timestamp":1752015900000,"ft_is_entry":true,"ft_order_tag":"","cost":217.8396254},{"amount":0.002,"safe_price":108789.9,"ft_order_side":"sell","order_filled_timestamp":1752017400000,"ft_is_entry":false,"ft_order_tag":"exit_signal","cost":217.71034788}],"funding_fees":0.0},{"pair":"BTC/USDT:USDT","stake_amount":217.6222,"max_stake_amount":217.6222,"amount":0.002,"open_date":"2025-07-09 06:55:00+00:00","close_date":"2025-07-09 07:15:00+00:00","open_rate":108811.1,"close_rate":108714.4,"fee_open":0.0006,"fee_close":0.0006,"trade_duration":20,"profit_ratio":-0.0020869107340010253,"profit_abs":-0.4544306,"exit_reason":"exit_signal","initial_stop_loss_abs":106634.9,"initial_stop_loss_ratio":-0.02,"stop_loss_abs":106634.9,"stop_loss_ratio":-0.02,"min_rate":108714.4,"max_rate":108842.6,"is_open":false,"enter_tag":"","leverage":1.0,"is_short":false,"open_timestamp":1752044100000,"close_timestamp":1752045300000,"orders":[{"amount":0.002,"safe_price":108811.1,"ft_order_side":"buy","order_filled_timestamp":1752044100000,"ft_is_entry":true,"ft_order_tag":"","cost":217.75277332000002},{"amount":0.002,"safe_price":108714.4,"ft_order_side":"sell","order_filled_timestamp":1752045300000,"ft_is_entry":false,"ft_order_tag":"exit_signal","cost":217.55925727999997}],"funding_fees":0.0},{"pair":"BTC/USDT:USDT","stake_amount":218.754,"max_stake_amount":218.754,"amount":0.002,"open_date":"2025-07-09 18:10:00+00:00","close_date":"2025-07-09 18:40:00+00:00","open_rate":109377.0,"close_rate":109426.2,"fee_open":0.0006,"fee_close":0.0006,"trade_duration":30,"profit_ratio":-0.0007499995463376408,"profit_abs":-0.16416384,"exit_reason":"exit_signal","initial_stop_loss_abs":107189.5,"initial_stop_loss_ratio":-0.02,"stop_loss_abs":107189.5,"stop_loss_ratio":-0.02,"min_rate":109301.4,"max_rate":109539.9,"is_open":false,"enter_tag":"","leverage":1.0,"is_short":false,"open_timestamp":1752084600000,"close_timestamp":1752086400000,"orders":[{"amount":0.002,"safe_price":109377.0,"ft_order_side":"buy","order_filled_timestamp":1752084600000,"ft_is_entry":true,"ft_order_tag":"","cost":218.88525239999998},{"amount":0.002,"safe_price":109426.2,"ft_order_side":"sell","order_filled_timestamp":1752086400000,"ft_is_entry":false,"ft_order_tag":"exit_signal","cost":218.98371143999998}],"funding_fees":0.0},{"pair":"BTC/USDT:USDT","stake_amount":231.848,"max_stake_amount":231.848,"amount":0.002,"open_date":"2025-07-11 01:25:00+00:00","close_date":"2025-07-11 01:35:00+00:00","open_rate":115924.0,"close_rate":115892.2,"fee_open":0.0006,"fee_close":0.0006,"trade_duration":10,"profit_ratio":-0.0014732691043391286,"profit_abs":-0.34177944,"exit_reason":"exit_signal","initial_stop_loss_abs":113605.6,"initial_stop_loss_ratio":-0.02,"stop_loss_abs":113605.6,"stop_loss_ratio":-0.02,"min_rate":115863.1,"max_rate":115950.0,"is_open":false,"enter_tag":"","leverage":1.0,"is_short":false,"open_timestamp":1752197100000,"close_timestamp":1752197700000,"orders":[{"amount":0.002,"safe_price":115924.0,"ft_order_side":"buy","order_filled_timestamp":1752197100000,"ft_is_entry":true,"ft_order_tag":"","cost":231.9871088},{"amount":0.002,"safe_price":115892.2,"ft_order_side":"sell","order_filled_timestamp":1752197700000,"ft_is_entry":false,"ft_order_tag":"exit_signal","cost":231.92347063999998}],"funding_fees":0.0},{"pair":"BTC/USDT:USDT","stake_amount":235.14,"max_stake_amount":235.14,"amount":0.002,"open_date":"2025-07-11 18:25:00+00:00","close_date":"2025-07-11 18:30:00+00:00","open_rate":117570.0,"close_rate":117328.3,"fee_open":0.0006,"fee_close":0.0006,"trade_duration":5,"profit_ratio":-0.0032526115019089253,"profit_abs":-0.76527796,"exit_reason":"exit_signal","initial_stop_loss_abs":115218.6,"initial_stop_loss_ratio":-0.02,"stop_loss_abs":115218.6,"stop_loss_ratio":-0.02,"min_rate":117290.0,"max_rate":117584.0,"is_open":false,"enter_tag":"","leverage":1.0,"is_short":false,"open_timestamp":1752258300000,"close_timestamp":1752258600000,"orders":[{"amount":0.002,"safe_price":117570.0,"ft_order_side":"buy","order_filled_timestamp":1752258300000,"ft_is_entry":true,"ft_order_tag":"","cost":235.281084},{"amount":0.002,"safe_price":117328.3,"ft_order_side":"sell","order_filled_timestamp":1752258600000,"ft_is_entry":false,"ft_order_tag":"exit_signal","cost":234.79739396}],"funding_fees":0.0},{"pair":"BTC/USDT:USDT","stake_amount":240.3438,"max_stake_amount":240.3438,"amount":0.002,"open_date":"2025-07-14 21:55:00+00:00","close_date":"2025-07-14 22:00:00+00:00","open_rate":120171.9,"close_rate":120018.1,"fee_open":0.0006,"fee_close":0.0006,"trade_duration":5,"profit_ratio":-0.0024775788581584313,"profit_abs":-0.595828,"exit_reason":"exit_signal","initial_stop_loss_abs":117768.5,"initial_stop_loss_ratio":-0.02,"stop_loss_abs":117768.5,"stop_loss_ratio":-0.02,"min_rate":119916.7,"max_rate":120246.0,"is_open":false,"enter_tag":"","leverage":1.0,"is_short":false,"open_timestamp":1752530100000,"close_timestamp":1752530400000,"orders":[{"amount":0.002,"safe_price":120171.9,"ft_order_side":"buy","order_filled_timestamp":1752530100000,"ft_is_entry":true,"ft_order_tag":"","cost":240.48800627999998},{"amount":0.002,"safe_price":120018.1,"ft_order_side":"sell","order_filled_timestamp":1752530400000,"ft_is_entry":false,"ft_order_tag":"exit_signal","cost":240.18022172}],"funding_fees":0.0},{"pair":"BTC/USDT:USDT","stake_amount":240.2526,"max_stake_amount":240.2526,"amount":0.002,"open_date":"2025-07-14 22:10:00+00:00","close_date":"2025-07-14 22:35:00+00:00","open_rate":120126.3,"close_rate":120114.4,"fee_open":0.0006,"fee_close":0.0006,"trade_duration":25,"profit_ratio":-0.0012982240316259286,"profit_abs":-0.31208884,"exit_reason":"exit_signal","initial_stop_loss_abs":117723.8,"initial_stop_loss_ratio":-0.02,"stop_loss_abs":117723.8,"stop_loss_ratio":-0.02,"min_rate":120016.9,"max_rate":120312.1,"is_open":false,"enter_tag":"","leverage":1.0,"is_short":false,"open_timestamp":1752531000000,"close_timestamp":1752532500000,"orders":[{"amount":0.002,"safe_price":120126.3,"ft_order_side":"buy","order_filled_timestamp":1752531000000,"ft_is_entry":true,"ft_order_tag":"","cost":240.39675155999998},{"amount":0.002,"safe_price":120114.4,"ft_order_side":"sell","order_filled_timestamp":1752532500000,"ft_is_entry":false,"ft_order_tag":"exit_signal","cost":240.37293728}],"funding_fees":0.0},{"pair":"BTC/USDT:USDT","stake_amount":234.8414,"max_stake_amount":234.8414,"amount":0.002,"open_date":"2025-07-15 18:00:00+00:00","close_date":"2025-07-15 18:05:00+00:00","open_rate":117420.7,"close_rate":117324.9,"fee_open":0.0006,"fee_close":0.0006,"trade_duration":5,"profit_ratio":-0.002014171749324986,"profit_abs":-0.47329472,"exit_reason":"exit_signal","initial_stop_loss_abs":115072.3,"initial_stop_loss_ratio":-0.02,"stop_loss_abs":115072.3,"stop_loss_ratio":-0.02,"min_rate":117163.5,"max_rate":117444.0,"is_open":false,"enter_tag":"","leverage":1.0,"is_short":false,"open_timestamp":1752602400000,"close_timestamp":1752602700000,"orders":[{"amount":0.002,"safe_price":117420.7,"ft_order_side":"buy","order_filled_timestamp":1752602400000,"ft_is_entry":true,"ft_order_tag":"","cost":234.98230483999998},{"amount":0.002,"safe_price":117324.9,"ft_order_side":"sell","order_filled_timestamp":1752602700000,"ft_is_entry":false,"ft_order_tag":"exit_signal","cost":234.79058987999997}],"funding_fees":0.0},{"pair":"BTC/USDT:USDT","stake_amount":238.0938,"max_stake_amount":238.0938,"amount":0.002,"open_date":"2025-07-16 16:45:00+00:00","close_date":"2025-07-16 16:50:00+00:00","open_rate":119046.9,"close_rate":119023.7,"fee_open":0.0006,"fee_close":0.0006,"trade_duration":5,"profit_ratio":-0.0013939278916410755,"profit_abs":-0.33208472,"exit_reason":"exit_signal","initial_stop_loss_abs":116666.0,"initial_stop_loss_ratio":-0.02,"stop_loss_abs":116666.0,"stop_loss_ratio":-0.02,"min_rate":118943.5,"max_rate":119232.5,"is_open":false,"enter_tag":"","leverage":1.0,"is_short":false,"open_timestamp":1752684300000,"close_timestamp":1752684600000,"orders":[{"amount":0.002,"safe_price":119046.9,"ft_order_side":"buy","order_filled_timestamp":1752684300000,"ft_is_entry":true,"ft_order_tag":"","cost":238.23665627999998},{"amount":0.002,"safe_price":119023.7,"ft_order_side":"sell","order_filled_timestamp":1752684600000,"ft_is_entry":false,"ft_order_tag":"exit_signal","cost":238.19022844}],"funding_fees":0.0},{"pair":"BTC/USDT:USDT","stake_amount":236.8584,"max_stake_amount":236.8584,"amount":0.002,"open_date":"2025-07-17 09:05:00+00:00","close_date":"2025-07-17 09:15:00+00:00","open_rate":118429.2,"close_rate":118574.1,"fee_open":0.0006,"fee_close":0.0006,"trade_duration":10,"profit_ratio":2.2768051787099612e-05,"profit_abs":0.00539604,"exit_reason":"exit_signal","initial_stop_loss_abs":116060.7,"initial_stop_loss_ratio":-0.02,"stop_loss_abs":116060.7,"stop_loss_ratio":-0.02,"min_rate":118428.0,"max_rate":118640.0,"is_open":false,"enter_tag":"","leverage":1.0,"is_short":false,"open_timestamp":1752743100000,"close_timestamp":1752743700000,"orders":[{"amount":0.002,"safe_price":118429.2,"ft_order_side":"buy","order_filled_timestamp":1752743100000,"ft_is_entry":true,"ft_order_tag":"","cost":237.00051503999998},{"amount":0.002,"safe_price":118574.1,"ft_order_side":"sell","order_filled_timestamp":1752743700000,"ft_is_entry":false,"ft_order_tag":"exit_signal","cost":237.29048891999997}],"funding_fees":0.0},{"pair":"BTC/USDT:USDT","stake_amount":237.9522,"max_stake_amount":237.9522,"amount":0.002,"open_date":"2025-07-17 17:10:00+00:00","close_date":"2025-07-17 17:40:00+00:00","open_rate":118976.1,"close_rate":118571.9,"fee_open":0.0006,"fee_close":0.0006,"trade_duration":30,"profit_ratio":-0.004592527065724506,"profit_abs":-1.0934576,"exit_reason":"exit_signal","initial_stop_loss_abs":116596.6,"initial_stop_loss_ratio":-0.02,"stop_loss_abs":116596.6,"stop_loss_ratio":-0.02,"min_rate":118524.5,"max_rate":118995.9,"is_open":false,"enter_tag":"","leverage":1.0,"is_short":false,"open_timestamp":1752772200000,"close_timestamp":1752774000000,"orders":[{"amount":0.002,"safe_price":118976.1,"ft_order_side":"buy","order_filled_timestamp":1752772200000,"ft_is_entry":true,"ft_order_tag":"","cost":238.09497131999998},{"amount":0.002,"safe_price":118571.9,"ft_order_side":"sell","order_filled_timestamp":1752774000000,"ft_is_entry":false,"ft_order_tag":"exit_signal","cost":237.28608627999998}],"funding_fees":0.0},{"pair":"BTC/USDT:USDT","stake_amount":240.5576,"max_stake_amount":240.5576,"amount":0.002,"open_date":"2025-07-18 03:55:00+00:00","close_date":"2025-07-18 04:05:00+00:00","open_rate":120278.8,"close_rate":120038.0,"fee_open":0.0006,"fee_close":0.0006,"trade_duration":10,"profit_ratio":-0.0031988947716914437,"profit_abs":-0.76998016,"exit_reason":"exit_signal","initial_stop_loss_abs":117873.3,"initial_stop_loss_ratio":-0.02,"stop_loss_abs":117873.3,"stop_loss_ratio":-0.02,"min_rate":119933.4,"max_rate":120318.0,"is_open":false,"enter_tag":"","leverage":1.0,"is_short":false,"open_timestamp":1752810900000,"close_timestamp":1752811500000,"orders":[{"amount":0.002,"safe_price":120278.8,"ft_order_side":"buy","order_filled_timestamp":1752810900000,"ft_is_entry":true,"ft_order_tag":"","cost":240.70193455999998},{"amount":0.002,"safe_price":120038.0,"ft_order_side":"sell","order_filled_timestamp":1752811500000,"ft_is_entry":false,"ft_order_tag":"exit_signal","cost":240.2200456}],"funding_fees":0.0},{"pair":"BTC/USDT:USDT","stake_amount":234.5486,"max_stake_amount":234.5486,"amount":0.002,"open_date":"2025-07-22 05:55:00+00:00","close_date":"2025-07-22 06:10:00+00:00","open_rate":117274.3,"close_rate":117565.0,"fee_open":0.0006,"fee_close":0.0006,"trade_duration":15,"profit_ratio":0.0012765507535954135,"profit_abs":0.29959284,"exit_reason":"exit_signal","initial_stop_loss_abs":114928.9,"initial_stop_loss_ratio":-0.02,"stop_loss_abs":114928.9,"stop_loss_ratio":-0.02,"min_rate":117240.9,"max_rate":117623.1,"is_open":false,"enter_tag":"","leverage":1.0,"is_short":false,"open_timestamp":1753163700000,"close_timestamp":1753164600000,"orders":[{"amount":0.002,"safe_price":117274.3,"ft_order_side":"buy","order_filled_timestamp":1753163700000,"ft_is_entry":true,"ft_order_tag":"","cost":234.68932916},{"amount":0.002,"safe_price":117565.0,"ft_order_side":"sell","order_filled_timestamp":1753164600000,"ft_is_entry":false,"ft_order_tag":"exit_signal","cost":235.271078}],"funding_fees":0.0},{"pair":"BTC/USDT:USDT","stake_amount":236.6468,"max_stake_amount":236.6468,"amount":0.002,"open_date":"2025-07-22 08:55:00+00:00","close_date":"2025-07-22 09:10:00+00:00","open_rate":118323.4,"close_rate":118066.8,"fee_open":0.0006,"fee_close":0.0006,"trade_duration":15,"profit_ratio":-0.0033653123801232307,"profit_abs":-0.79686824,"exit_reason":"exit_signal","initial_stop_loss_abs":115957.0,"initial_stop_loss_ratio":-0.02,"stop_loss_abs":115957.0,"stop_loss_ratio":-0.02,"min_rate":118052.2,"max_rate":118383.1,"is_open":false,"enter_tag":"","leverage":1.0,"is_short":false,"open_timestamp":1753174500000,"close_timestamp":1753175400000,"orders":[{"amount":0.002,"safe_price":118323.4,"ft_order_side":"buy","order_filled_timestamp":1753174500000,"ft_is_entry":true,"ft_order_tag":"","cost":236.78878807999996},{"amount":0.002,"safe_price":118066.8,"ft_order_side":"sell","order_filled_timestamp":1753175400000,"ft_is_entry":false,"ft_order_tag":"exit_signal","cost":236.27528016}],"funding_fees":0.0},{"pair":"ETH/USDT:USDT","stake_amount":291.9776,"max_stake_amount":291.9776,"amount":0.08,"open_date":"2025-07-24 11:20:00+00:00","close_date":"2025-07-24 11:35:00+00:00","open_rate":3649.72,"close_rate":3652.91,"fee_open":0.0006,"fee_close":0.0006,"trade_duration":15,"profit_ratio":-0.00032628899803569965,"profit_abs":-0.09532624,"exit_reason":"exit_signal","initial_stop_loss_abs":3576.73,"initial_stop_loss_ratio":-0.02,"stop_loss_abs":3576.73,"stop_loss_ratio":-0.02,"min_rate":3641.65,"max_rate":3653.95,"is_open":false,"enter_tag":"","leverage":1.0,"is_short":false,"open_timestamp":1753356000000,"close_timestamp":1753356900000,"orders":[{"amount":0.08,"safe_price":3649.72,"ft_order_side":"buy","order_filled_timestamp":1753356000000,"ft_is_entry":true,"ft_order_tag":"","cost":292.15278656},{"amount":0.08,"safe_price":3652.91,"ft_order_side":"sell","order_filled_timestamp":1753356900000,"ft_is_entry":false,"ft_order_tag":"exit_signal","cost":292.40813968}],"funding_fees":0.0},{"pair":"BTC/USDT:USDT","stake_amount":238.2744,"max_stake_amount":238.2744,"amount":0.002,"open_date":"2025-07-24 17:25:00+00:00","close_date":"2025-07-24 17:50:00+00:00","open_rate":119137.2,"close_rate":119230.6,"fee_open":0.0006,"fee_close":0.0006,"trade_duration":25,"profit_ratio":-0.0004162505535192464,"profit_abs":-0.09924136,"exit_reason":"exit_signal","initial_stop_loss_abs":116754.5,"initial_stop_loss_ratio":-0.02,"stop_loss_abs":116754.5,"stop_loss_ratio":-0.02,"min_rate":119013.2,"max_rate":119333.0,"is_open":false,"enter_tag":"","leverage":1.0,"is_short":false,"open_timestamp":1753377900000,"close_timestamp":1753379400000,"orders":[{"amount":0.002,"safe_price":119137.2,"ft_order_side":"buy","order_filled_timestamp":1753377900000,"ft_is_entry":true,"ft_order_tag":"","cost":238.41736463999996},{"amount":0.002,"safe_price":119230.6,"ft_order_side":"sell","order_filled_timestamp":1753379400000,"ft_is_entry":false,"ft_order_tag":"exit_signal","cost":238.60427672}],"funding_fees":0.0},{"pair":"ETH/USDT:USDT","stake_amount":297.512,"max_stake_amount":297.512,"amount":0.08,"open_date":"2025-07-24 17:25:00+00:00","close_date":"2025-07-24 17:50:00+00:00","open_rate":3718.9,"close_rate":3730.53,"fee_open":0.0006,"fee_close":0.0006,"trade_duration":25,"profit_ratio":0.0019242379120109209,"profit_abs":0.57282736,"exit_reason":"exit_signal","initial_stop_loss_abs":3644.53,"initial_stop_loss_ratio":-0.02,"stop_loss_abs":3644.53,"stop_loss_ratio":-0.02,"min_rate":3708.44,"max_rate":3735.0,"is_open":false,"enter_tag":"","leverage":1.0,"is_short":false,"open_timestamp":1753377900000,"close_timestamp":1753379400000,"orders":[{"amount":0.08,"safe_price":3718.9,"ft_order_side":"buy","order_filled_timestamp":1753377900000,"ft_is_entry":true,"ft_order_tag":"","cost":297.69050719999996},{"amount":0.08,"safe_price":3730.53,"ft_order_side":"sell","order_filled_timestamp":1753379400000,"ft_is_entry":false,"ft_order_tag":"exit_signal","cost":298.62146544}],"funding_fees":0.0},{"pair":"BTC/USDT:USDT","stake_amount":235.2434,"max_stake_amount":235.2434,"amount":0.002,"open_date":"2025-07-26 10:15:00+00:00","close_date":"2025-07-26 10:30:00+00:00","open_rate":117621.7,"close_rate":117755.1,"fee_open":0.0006,"fee_close":0.0006,"trade_duration":15,"profit_ratio":-6.64961241650085e-05,"profit_abs":-0.01565216,"exit_reason":"exit_signal","initial_stop_loss_abs":115269.3,"initial_stop_loss_ratio":-0.02,"stop_loss_abs":115269.3,"stop_loss_ratio":-0.02,"min_rate":117592.9,"max_rate":117954.3,"is_open":false,"enter_tag":"","leverage":1.0,"is_short":false,"open_timestamp":1753524900000,"close_timestamp":1753525800000,"orders":[{"amount":0.002,"safe_price":117621.7,"ft_order_side":"buy","order_filled_timestamp":1753524900000,"ft_is_entry":true,"ft_order_tag":"","cost":235.38454604},{"amount":0.002,"safe_price":117755.1,"ft_order_side":"sell","order_filled_timestamp":1753525800000,"ft_is_entry":false,"ft_order_tag":"exit_signal","cost":235.65150612000002}],"funding_fees":0.0},{"pair":"BTC/USDT:USDT","stake_amount":236.2682,"max_stake_amount":236.2682,"amount":0.002,"open_date":"2025-07-29 01:40:00+00:00","close_date":"2025-07-29 01:45:00+00:00","open_rate":118134.1,"close_rate":118129.5,"fee_open":0.0006,"fee_close":0.0006,"trade_duration":5,"profit_ratio":-0.0012381725324131067,"profit_abs":-0.29271632,"exit_reason":"exit_signal","initial_stop_loss_abs":115771.5,"initial_stop_loss_ratio":-0.02,"stop_loss_abs":115771.5,"stop_loss_ratio":-0.02,"min_rate":117990.0,"max_rate":118194.8,"is_open":false,"enter_tag":"","leverage":1.0,"is_short":false,"open_timestamp":1753753200000,"close_timestamp":1753753500000,"orders":[{"amount":0.002,"safe_price":118134.1,"ft_order_side":"buy","order_filled_timestamp":1753753200000,"ft_is_entry":true,"ft_order_tag":"","cost":236.40996092},{"amount":0.002,"safe_price":118129.5,"ft_order_side":"sell","order_filled_timestamp":1753753500000,"ft_is_entry":false,"ft_order_tag":"exit_signal","cost":236.4007554}],"funding_fees":0.0},{"pair":"BTC/USDT:USDT","stake_amount":235.5336,"max_stake_amount":235.5336,"amount":0.002,"open_date":"2025-07-29 18:50:00+00:00","close_date":"2025-07-29 18:55:00+00:00","open_rate":117766.8,"close_rate":117621.7,"fee_open":0.0006,"fee_close":0.0006,"trade_duration":5,"profit_ratio":-0.0024298987758698135,"profit_abs":-0.5726662,"exit_reason":"exit_signal","initial_stop_loss_abs":115411.5,"initial_stop_loss_ratio":-0.02,"stop_loss_abs":115411.5,"stop_loss_ratio":-0.02,"min_rate":117500.0,"max_rate":117780.6,"is_open":false,"enter_tag":"","leverage":1.0,"is_short":false,"open_timestamp":1753815000000,"close_timestamp":1753815300000,"orders":[{"amount":0.002,"safe_price":117766.8,"ft_order_side":"buy","order_filled_timestamp":1753815000000,"ft_is_entry":true,"ft_order_tag":"","cost":235.67492016},{"amount":0.002,"safe_price":117621.7,"ft_order_side":"sell","order_filled_timestamp":1753815300000,"ft_is_entry":false,"ft_order_tag":"exit_signal","cost":235.38454604}],"funding_fees":0.0},{"pair":"BTC/USDT:USDT","stake_amount":236.6778,"max_stake_amount":236.6778,"amount":0.002,"open_date":"2025-07-30 08:45:00+00:00","close_date":"2025-07-30 09:15:00+00:00","open_rate":118338.9,"close_rate":118235.7,"fee_open":0.0006,"fee_close":0.0006,"trade_duration":30,"profit_ratio":-0.0020703062251144306,"profit_abs":-0.49028952,"exit_reason":"exit_signal","initial_stop_loss_abs":115972.2,"initial_stop_loss_ratio":-0.02,"stop_loss_abs":115972.2,"stop_loss_ratio":-0.02,"min_rate":118195.5,"max_rate":118465.8,"is_open":false,"enter_tag":"","leverage":1.0,"is_short":false,"open_timestamp":1753865100000,"close_timestamp":1753866900000,"orders":[{"amount":0.002,"safe_price":118338.9,"ft_order_side":"buy","order_filled_timestamp":1753865100000,"ft_is_entry":true,"ft_order_tag":"","cost":236.81980667999997},{"amount":0.002,"safe_price":118235.7,"ft_order_side":"sell","order_filled_timestamp":1753866900000,"ft_is_entry":false,"ft_order_tag":"exit_signal","cost":236.61328283999998}],"funding_fees":0.0},{"pair":"BTC/USDT:USDT","stake_amount":236.5998,"max_stake_amount":236.5998,"amount":0.002,"open_date":"2025-07-30 10:15:00+00:00","close_date":"2025-07-30 10:40:00+00:00","open_rate":118299.9,"close_rate":118389.6,"fee_open":0.0006,"fee_close":0.0006,"trade_duration":25,"profit_ratio":-0.00044194737782228907,"profit_abs":-0.1046274,"exit_reason":"exit_signal","initial_stop_loss_abs":115934.0,"initial_stop_loss_ratio":-0.02,"stop_loss_abs":115934.0,"stop_loss_ratio":-0.02,"min_rate":118180.3,"max_rate":118390.0,"is_open":false,"enter_tag":"","leverage":1.0,"is_short":false,"open_timestamp":1753870500000,"close_timestamp":1753872000000,"orders":[{"amount":0.002,"safe_price":118299.9,"ft_order_side":"buy","order_filled_timestamp":1753870500000,"ft_is_entry":true,"ft_order_tag":"","cost":236.74175987999996},{"amount":0.002,"safe_price":118389.6,"ft_order_side":"sell","order_filled_timestamp":1753872000000,"ft_is_entry":false,"ft_order_tag":"exit_signal","cost":236.92126752}],"funding_fees":0.0},{"pair":"BTC/USDT:USDT","stake_amount":227.9554,"max_stake_amount":227.9554,"amount":0.002,"open_date":"2025-08-03 14:10:00+00:00","close_date":"2025-08-03 14:15:00+00:00","open_rate":113977.7,"close_rate":113778.1,"fee_open":0.0006,"fee_close":0.0006,"trade_duration":5,"profit_ratio":-0.0029483999843010135,"profit_abs":-0.67250696,"exit_reason":"exit_signal","initial_stop_loss_abs":111698.2,"initial_stop_loss_ratio":-0.02,"stop_loss_abs":111698.2,"stop_loss_ratio":-0.02,"min_rate":113645.0,"max_rate":113987.4,"is_open":false,"enter_tag":"","leverage":1.0,"is_short":false,"open_timestamp":1754230200000,"close_timestamp":1754230500000,"orders":[{"amount":0.002,"safe_price":113977.7,"ft_order_side":"buy","order_filled_timestamp":1754230200000,"ft_is_entry":true,"ft_order_tag":"","cost":228.09217324},{"amount":0.002,"safe_price":113778.1,"ft_order_side":"sell","order_filled_timestamp":1754230500000,"ft_is_entry":false,"ft_order_tag":"exit_signal","cost":227.69273372}],"funding_fees":0.0},{"pair":"BTC/USDT:USDT","stake_amount":228.6534,"max_stake_amount":228.6534,"amount":0.002,"open_date":"2025-08-03 20:55:00+00:00","close_date":"2025-08-03 21:15:00+00:00","open_rate":114326.7,"close_rate":114473.2,"fee_open":0.0006,"fee_close":0.0006,"trade_duration":20,"profit_ratio":8.05982441654597e-05,"profit_abs":0.01844012,"exit_reason":"exit_signal","initial_stop_loss_abs":112040.2,"initial_stop_loss_ratio":-0.02,"stop_loss_abs":112040.2,"stop_loss_ratio":-0.02,"min_rate":114326.5,"max_rate":114482.6,"is_open":false,"enter_tag":"","leverage":1.0,"is_short":false,"open_timestamp":1754254500000,"close_timestamp":1754255700000,"orders":[{"amount":0.002,"safe_price":114326.7,"ft_order_side":"buy","order_filled_timestamp":1754254500000,"ft_is_entry":true,"ft_order_tag":"","cost":228.79059203999998},{"amount":0.002,"safe_price":114473.2,"ft_order_side":"sell","order_filled_timestamp":1754255700000,"ft_is_entry":false,"ft_order_tag":"exit_signal","cost":229.08376784}],"funding_fees":0.0},{"pair":"BTC/USDT:USDT","stake_amount":229.375,"max_stake_amount":229.375,"amount":0.002,"open_date":"2025-08-04 09:25:00+00:00","close_date":"2025-08-04 09:40:00+00:00","open_rate":114687.5,"close_rate":114537.7,"fee_open":0.0006,"fee_close":0.0006,"trade_duration":15,"profit_ratio":-0.002503872020112183,"profit_abs":-0.57467024,"exit_reason":"exit_signal","initial_stop_loss_abs":112393.8,"initial_stop_loss_ratio":-0.02,"stop_loss_abs":112393.8,"stop_loss_ratio":-0.02,"min_rate":114424.2,"max_rate":114713.6,"is_open":false,"enter_tag":"","leverage":1.0,"is_short":false,"open_timestamp":1754299500000,"close_timestamp":1754300400000,"orders":[{"amount":0.002,"safe_price":114687.5,"ft_order_side":"buy","order_filled_timestamp":1754299500000,"ft_is_entry":true,"ft_order_tag":"","cost":229.51262499999999},{"amount":0.002,"safe_price":114537.7,"ft_order_side":"sell","order_filled_timestamp":1754300400000,"ft_is_entry":false,"ft_order_tag":"exit_signal","cost":229.21284523999998}],"funding_fees":0.0},{"pair":"BTC/USDT:USDT","stake_amount":228.2,"max_stake_amount":228.2,"amount":0.002,"open_date":"2025-08-06 11:15:00+00:00","close_date":"2025-08-06 11:30:00+00:00","open_rate":114100.0,"close_rate":114214.5,"fee_open":0.0006,"fee_close":0.0006,"trade_duration":15,"profit_ratio":-0.00019697821972898647,"profit_abs":-0.0449774,"exit_reason":"exit_signal","initial_stop_loss_abs":111818.0,"initial_stop_loss_ratio":-0.02,"stop_loss_abs":111818.0,"stop_loss_ratio":-0.02,"min_rate":114100.0,"max_rate":114389.9,"is_open":false,"enter_tag":"","leverage":1.0,"is_short":false,"open_timestamp":1754478900000,"close_timestamp":1754479800000,"orders":[{"amount":0.002,"safe_price":114100.0,"ft_order_side":"buy","order_filled_timestamp":1754478900000,"ft_is_entry":true,"ft_order_tag":"","cost":228.33692},{"amount":0.002,"safe_price":114214.5,"ft_order_side":"sell","order_filled_timestamp":1754479800000,"ft_is_entry":false,"ft_order_tag":"exit_signal","cost":228.56605739999998}],"funding_fees":0.0}],"locks":[],"best_pair":{"key":"ETH/USDT:USDT","trades":2,"profit_mean":0.0007989744569876106,"profit_mean_pct":0.08,"profit_sum":0.001597948913975221,"profit_sum_pct":0.16,"profit_total_abs":0.47750112,"profit_total":0.00047750112,"profit_total_pct":0.05,"duration_avg":"0:20:00","wins":1,"draws":0,"losses":1,"winrate":0.5,"cagr":0.0029083261769582425,"expectancy":0.23875056,"expectancy_ratio":2.5045628569846032,"sortino":-100,"sharpe":0.45511721099330754,"calmar":159.49868732221893,"sqn":0.7147,"profit_factor":6.0091257139692065,"max_drawdown_account":9.532623999996303e-05,"max_drawdown_abs":0.09532624},"worst_pair":{"key":"BTC/USDT:USDT","trades":51,"profit_mean":-0.0014371849020293724,"profit_mean_pct":-0.14,"profit_sum":-0.07329643000349799,"profit_sum_pct":-7.33,"profit_total_abs":-19.894254319999998,"profit_total":-0.01989425432,"profit_total_pct":-1.99,"duration_avg":"0:15:00","wins":8,"draws":0,"losses":43,"winrate":0.1568627450980392,"cagr":-0.11506707141013428,"expectancy":-0.39008341803921565,"expectancy_ratio":-0.7497889920812427,"sortino":-19.1630430226463,"sharpe":-14.000530479590626,"calmar":-31.509681332418563,"sqn":-6.0963,"profit_factor":0.11071538148503772,"max_drawdown_account":0.020103831533627187,"max_drawdown_abs":20.108131280000002},"results_per_pair":[{"key":"ETH/USDT:USDT","trades":2,"profit_mean":0.0007989744569876106,"profit_mean_pct":0.08,"profit_sum":0.001597948913975221,"profit_sum_pct":0.16,"profit_total_abs":0.47750112,"profit_total":0.00047750112,"profit_total_pct":0.05,"duration_avg":"0:20:00","wins":1,"draws":0,"losses":1,"winrate":0.5,"cagr":0.0029083261769582425,"expectancy":0.23875056,"expectancy_ratio":2.5045628569846032,"sortino":-100,"sharpe":0.45511721099330754,"calmar":159.49868732221893,"sqn":0.7147,"profit_factor":6.0091257139692065,"max_drawdown_account":9.532623999996303e-05,"max_drawdown_abs":0.09532624},{"key":"SOL/USDT:USDT","trades":0,"profit_mean":0.0,"profit_mean_pct":0.0,"profit_sum":0.0,"profit_sum_pct":0.0,"profit_total_abs":0.0,"profit_total":0.0,"profit_total_pct":0.0,"duration_avg":"0:00","wins":0,"draws":0,"losses":0,"winrate":0.0,"cagr":0.0,"expectancy":0.0,"expectancy_ratio":100.0,"sortino":0,"sharpe":0,"calmar":0,"sqn":0.0,"profit_factor":0.0,"max_drawdown_account":0.0,"max_drawdown_abs":0.0},{"key":"BTC/USDT:USDT","trades":51,"profit_mean":-0.0014371849020293724,"profit_mean_pct":-0.14,"profit_sum":-0.07329643000349799,"profit_sum_pct":-7.33,"profit_total_abs":-19.894254319999998,"profit_total":-0.01989425432,"profit_total_pct":-1.99,"duration_avg":"0:15:00","wins":8,"draws":0,"losses":43,"winrate":0.1568627450980392,"cagr":-0.11506707141013428,"expectancy":-0.39008341803921565,"expectancy_ratio":-0.7497889920812427,"sortino":-19.1630430226463,"sharpe":-14.000530479590626,"calmar":-31.509681332418563,"sqn":-6.0963,"profit_factor":0.11071538148503772,"max_drawdown_account":0.020103831533627187,"max_drawdown_abs":20.108131280000002},{"key":"TOTAL","trades":53,"profit_mean":-0.0013528015299909958,"profit_mean_pct":-0.14,"profit_sum":-0.07169848108952277,"profit_sum_pct":-7.17,"profit_total_abs":-19.4167532,"profit_total":-0.019416753199999998,"profit_total_pct":-1.94,"duration_avg":"0:16:00","wins":9,"draws":0,"losses":44,"winrate":0.16981132075471697,"cagr":-0.11244109250893253,"expectancy":-0.3663538339622641,"expectancy_ratio":-0.7174966463985839,"sortino":-18.573765562244294,"sharpe":-13.31631637327381,"calmar":-31.50144145973041,"sqn":-5.69,"profit_factor":0.13574267592897843,"max_drawdown_account":0.019626432518277354,"max_drawdown_abs":19.63063016}],"results_per_enter_tag":[{"key":"","trades":53,"profit_mean":-0.0013528015299909958,"profit_mean_pct":-0.14,"profit_sum":-0.07169848108952277,"profit_sum_pct":-7.17,"profit_total_abs":-19.4167532,"profit_total":-0.019416753199999998,"profit_total_pct":-1.94,"duration_avg":"0:16:00","wins":9,"draws":0,"losses":44,"winrate":0.16981132075471697,"cagr":-0.11244109250893253,"expectancy":-0.3663538339622641,"expectancy_ratio":-0.7174966463985839,"sortino":-18.573765562244294,"sharpe":-13.31631637327381,"calmar":-31.50144145973041,"sqn":-5.69,"profit_factor":0.13574267592897843,"max_drawdown_account":0.019626432518277354,"max_drawdown_abs":19.63063016},{"key":"TOTAL","trades":53,"profit_mean":-0.0013528015299909958,"profit_mean_pct":-0.14,"profit_sum":-0.07169848108952277,"profit_sum_pct":-7.17,"profit_total_abs":-19.4167532,"profit_total":-0.019416753199999998,"profit_total_pct":-1.94,"duration_avg":"0:16:00","wins":9,"draws":0,"losses":44,"winrate":0.16981132075471697,"cagr":-0.11244109250893253,"expectancy":-0.3663538339622641,"expectancy_ratio":-0.7174966463985839,"sortino":-18.573765562244294,"sharpe":-13.31631637327381,"calmar":-31.50144145973041,"sqn":-5.69,"profit_factor":0.13574267592897843,"max_drawdown_account":0.019626432518277354,"max_drawdown_abs":19.63063016}],"exit_reason_summary":[{"key":"exit_signal","trades":53,"profit_mean":-0.0013528015299909958,"profit_mean_pct":-0.14,"profit_sum":-0.07169848108952277,"profit_sum_pct":-7.17,"profit_total_abs":-19.4167532,"profit_total":-0.019416753199999998,"profit_total_pct":-1.94,"duration_avg":"0:16:00","wins":9,"draws":0,"losses":44,"winrate":0.16981132075471697,"cagr":-0.11244109250893253,"expectancy":-0.3663538339622641,"expectancy_ratio":-0.7174966463985839,"sortino":-18.573765562244294,"sharpe":-13.31631637327381,"calmar":-31.50144145973041,"sqn":-5.69,"profit_factor":0.13574267592897843,"max_drawdown_account":0.019626432518277354,"max_drawdown_abs":19.63063016},{"key":"TOTAL","trades":53,"profit_mean":-0.0013528015299909958,"profit_mean_pct":-0.14,"profit_sum":-0.07169848108952277,"profit_sum_pct":-7.17,"profit_total_abs":-19.4167532,"profit_total":-0.019416753199999998,"profit_total_pct":-1.94,"duration_avg":"0:16:00","wins":9,"draws":0,"losses":44,"winrate":0.16981132075471697,"cagr":-0.11244109250893253,"expectancy":-0.3663538339622641,"expectancy_ratio":-0.7174966463985839,"sortino":-18.573765562244294,"sharpe":-13.31631637327381,"calmar":-31.50144145973041,"sqn":-5.69,"profit_factor":0.13574267592897843,"max_drawdown_account":0.019626432518277354,"max_drawdown_abs":19.63063016}],"mix_tag_stats":[{"key":["","exit_signal"],"trades":53,"profit_mean":-0.0013528015299909958,"profit_mean_pct":-0.14,"profit_sum":-0.07169848108952277,"profit_sum_pct":-7.17,"profit_total_abs":-19.4167532,"profit_total":-0.019416753199999998,"profit_total_pct":-1.94,"duration_avg":"0:16:00","wins":9,"draws":0,"losses":44,"winrate":0.16981132075471697,"cagr":-0.11244109250893253,"expectancy":-0.3663538339622641,"expectancy_ratio":-0.7174966463985839,"sortino":-18.573765562244294,"sharpe":-13.31631637327381,"calmar":-31.50144145973041,"sqn":-5.69,"profit_factor":0.13574267592897843,"max_drawdown_account":0.019626432518277354,"max_drawdown_abs":19.63063016},{"key":"TOTAL","trades":53,"profit_mean":-0.0013528015299909958,"profit_mean_pct":-0.14,"profit_sum":-0.07169848108952277,"profit_sum_pct":-7.17,"profit_total_abs":-19.4167532,"profit_total":-0.019416753199999998,"profit_total_pct":-1.94,"duration_avg":"0:16:00","wins":9,"draws":0,"losses":44,"winrate":0.16981132075471697,"cagr":-0.11244109250893253,"expectancy":-0.3663538339622641,"expectancy_ratio":-0.7174966463985839,"sortino":-18.573765562244294,"sharpe":-13.31631637327381,"calmar":-31.50144145973041,"sqn":-5.69,"profit_factor":0.13574267592897843,"max_drawdown_account":0.019626432518277354,"max_drawdown_abs":19.63063016}],"left_open_trades":[{"key":"TOTAL","trades":0,"profit_mean":0.0,"profit_mean_pct":0.0,"profit_sum":0.0,"profit_sum_pct":0.0,"profit_total_abs":0.0,"profit_total":0.0,"profit_total_pct":0.0,"duration_avg":"0:00","wins":0,"draws":0,"losses":0,"winrate":0.0,"cagr":0.0,"expectancy":0.0,"expectancy_ratio":100.0,"sortino":0,"sharpe":0,"calmar":0,"sqn":0.0,"profit_factor":0.0,"max_drawdown_account":0.0,"max_drawdown_abs":0.0}],"total_trades":53,"trade_count_long":53,"trade_count_short":0,"total_volume":29369.442698959996,"avg_stake_amount":276.92101886792454,"profit_mean":-0.0013528015299909958,"profit_median":-0.0015517124615553057,"profit_total":-0.019416753199999998,"profit_total_long":-0.019416753199999998,"profit_total_short":0.0,"profit_total_abs":-19.4167532,"profit_total_long_abs":-19.4167532,"profit_total_short_abs":0.0,"cagr":-0.11244109250893253,"expectancy":-0.3663538339622641,"expectancy_ratio":-0.7174966463985839,"sortino":-18.573765562244294,"sharpe":-13.31631637327381,"calmar":-31.50144145973041,"sqn":-5.69,"profit_factor":0.13574267592897843,"backtest_start":"2025-06-10 00:00:00","backtest_start_ts":1749513600000,"backtest_end":"2025-08-09 00:00:00","backtest_end_ts":1754697600000,"backtest_days":60,"backtest_run_start_ts":1754790292,"backtest_run_end_ts":1754790292,"trades_per_day":0.88,"market_change":0.2178546865244343,"pairlist":["BTC/USDT:USDT","ETH/USDT:USDT","SOL/USDT:USDT"],"stake_amount":"unlimited","stake_currency":"USDT","stake_currency_decimals":3,"starting_balance":1000,"dry_run_wallet":1000,"final_balance":980.5832468,"rejected_signals":0,"timedout_entry_orders":0,"timedout_exit_orders":0,"canceled_trade_entries":0,"canceled_entry_orders":0,"replaced_entry_orders":0,"max_open_trades":3,"max_open_trades_setting":3,"timeframe":"5m","timeframe_detail":"","timerange":"20250610-20250809","enable_protections":false,"strategy_name":"NewsHeliusBitqueryML","stoploss":-0.02,"trailing_stop":true,"trailing_stop_positive":0.004,"trailing_stop_positive_offset":0.009,"trailing_only_offset_is_reached":true,"use_custom_stoploss":false,"minimal_roi":{"0":0.02,"40":0.01,"60":0.005,"120":0},"use_exit_signal":true,"exit_profit_only":false,"exit_profit_offset":0.0,"ignore_roi_if_entry_signal":false,"trading_mode":"futures","margin_mode":"isolated","periodic_breakdown":{"day":[{"date":"10/06/2025","date_ts":1749513600000,"profit_abs":0.21387696,"wins":1,"draws":0,"losses":0,"trades":1,"profit_factor":0.0},{"date":"11/06/2025","date_ts":1749600000000,"profit_abs":-0.76734582,"wins":0,"draws":0,"losses":1,"trades":1,"profit_factor":0.0},{"date":"12/06/2025","date_ts":1749686400000,"profit_abs":-0.40950714,"wins":1,"draws":0,"losses":1,"trades":2,"profit_factor":0.34961975},{"date":"13/06/2025","date_ts":1749772800000,"profit_abs":-1.85384196,"wins":0,"draws":0,"losses":1,"trades":1,"profit_factor":0.0},{"date":"14/06/2025","date_ts":1749859200000,"profit_abs":-1.0390527,"wins":0,"draws":0,"losses":2,"trades":2,"profit_factor":0.0},{"date":"15/06/2025","date_ts":1749945600000,"profit_abs":-1.07166624,"wins":0,"draws":0,"losses":2,"trades":2,"profit_factor":0.0},{"date":"16/06/2025","date_ts":1750032000000,"profit_abs":0.0,"wins":0,"draws":0,"losses":0,"trades":0,"profit_factor":0.0},{"date":"17/06/2025","date_ts":1750118400000,"profit_abs":0.0,"wins":0,"draws":0,"losses":0,"trades":0,"profit_factor":0.0},{"date":"18/06/2025","date_ts":1750204800000,"profit_abs":-0.68075444,"wins":0,"draws":0,"losses":1,"trades":1,"profit_factor":0.0},{"date":"19/06/2025","date_ts":1750291200000,"profit_abs":0.0,"wins":0,"draws":0,"losses":0,"trades":0,"profit_factor":0.0},{"date":"20/06/2025","date_ts":1750377600000,"profit_abs":0.0,"wins":0,"draws":0,"losses":0,"trades":0,"profit_factor":0.0},{"date":"21/06/2025","date_ts":1750464000000,"profit_abs":0.0,"wins":0,"draws":0,"losses":0,"trades":0,"profit_factor":0.0},{"date":"22/06/2025","date_ts":1750550400000,"profit_abs":-0.67853076,"wins":1,"draws":0,"losses":2,"trades":3,"profit_factor":0.64853382},{"date":"23/06/2025","date_ts":1750636800000,"profit_abs":0.198948,"wins":1,"draws":0,"losses":0,"trades":1,"profit_factor":0.0},{"date":"24/06/2025","date_ts":1750723200000,"profit_abs":-0.46236576,"wins":1,"draws":0,"losses":1,"trades":2,"profit_factor":0.36727866},{"date":"25/06/2025","date_ts":1750809600000,"profit_abs":0.0,"wins":0,"draws":0,"losses":0,"trades":0,"profit_factor":0.0},{"date":"26/06/2025","date_ts":1750896000000,"profit_abs":-0.38534268,"wins":0,"draws":0,"losses":1,"trades":1,"profit_factor":0.0},{"date":"27/06/2025","date_ts":1750982400000,"profit_abs":-0.53810856,"wins":0,"draws":0,"losses":1,"trades":1,"profit_factor":0.0},{"date":"28/06/2025","date_ts":1751068800000,"profit_abs":-0.47615694,"wins":0,"draws":0,"losses":2,"trades":2,"profit_factor":0.0},{"date":"29/06/2025","date_ts":1751155200000,"profit_abs":0.0,"wins":0,"draws":0,"losses":0,"trades":0,"profit_factor":0.0},{"date":"30/06/2025","date_ts":1751241600000,"profit_abs":-0.50162604,"wins":0,"draws":0,"losses":1,"trades":1,"profit_factor":0.0},{"date":"01/07/2025","date_ts":1751328000000,"profit_abs":0.0,"wins":0,"draws":0,"losses":0,"trades":0,"profit_factor":0.0},{"date":"02/07/2025","date_ts":1751414400000,"profit_abs":0.0,"wins":0,"draws":0,"losses":0,"trades":0,"profit_factor":0.0},{"date":"03/07/2025","date_ts":1751500800000,"profit_abs":-0.47265052,"wins":0,"draws":0,"losses":1,"trades":1,"profit_factor":0.0},{"date":"04/07/2025","date_ts":1751587200000,"profit_abs":-0.49662612,"wins":0,"draws":0,"losses":1,"trades":1,"profit_factor":0.0},{"date":"05/07/2025","date_ts":1751673600000,"profit_abs":-1.1461761,"wins":0,"draws":0,"losses":2,"trades":2,"profit_factor":0.0},{"date":"06/07/2025","date_ts":1751760000000,"profit_abs":0.0,"wins":0,"draws":0,"losses":0,"trades":0,"profit_factor":0.0},{"date":"07/07/2025","date_ts":1751846400000,"profit_abs":-0.06550194,"wins":0,"draws":0,"losses":1,"trades":1,"profit_factor":0.0},{"date":"08/07/2025","date_ts":1751932800000,"profit_abs":-0.61865288,"wins":0,"draws":0,"losses":2,"trades":2,"profit_factor":0.0},{"date":"09/07/2025","date_ts":1752019200000,"profit_abs":-0.61859444,"wins":0,"draws":0,"losses":2,"trades":2,"profit_factor":0.0},{"date":"10/07/2025","date_ts":1752105600000,"profit_abs":0.0,"wins":0,"draws":0,"losses":0,"trades":0,"profit_factor":0.0},{"date":"11/07/2025","date_ts":1752192000000,"profit_abs":-1.1070574,"wins":0,"draws":0,"losses":2,"trades":2,"profit_factor":0.0},{"date":"12/07/2025","date_ts":1752278400000,"profit_abs":0.0,"wins":0,"draws":0,"losses":0,"trades":0,"profit_factor":0.0},{"date":"13/07/2025","date_ts":1752364800000,"profit_abs":0.0,"wins":0,"draws":0,"losses":0,"trades":0,"profit_factor":0.0},{"date":"14/07/2025","date_ts":1752451200000,"profit_abs":-0.90791684,"wins":0,"draws":0,"losses":2,"trades":2,"profit_factor":0.0},{"date":"15/07/2025","date_ts":1752537600000,"profit_abs":-0.47329472,"wins":0,"draws":0,"losses":1,"trades":1,"profit_factor":0.0},{"date":"16/07/2025","date_ts":1752624000000,"profit_abs":-0.33208472,"wins":0,"draws":0,"losses":1,"trades":1,"profit_factor":0.0},{"date":"17/07/2025","date_ts":1752710400000,"profit_abs":-1.08806156,"wins":1,"draws":0,"losses":1,"trades":2,"profit_factor":0.00493484},{"date":"18/07/2025","date_ts":1752796800000,"profit_abs":-0.76998016,"wins":0,"draws":0,"losses":1,"trades":1,"profit_factor":0.0},{"date":"19/07/2025","date_ts":1752883200000,"profit_abs":0.0,"wins":0,"draws":0,"losses":0,"trades":0,"profit_factor":0.0},{"date":"20/07/2025","date_ts":1752969600000,"profit_abs":0.0,"wins":0,"draws":0,"losses":0,"trades":0,"profit_factor":0.0},{"date":"21/07/2025","date_ts":1753056000000,"profit_abs":0.0,"wins":0,"draws":0,"losses":0,"trades":0,"profit_factor":0.0},{"date":"22/07/2025","date_ts":1753142400000,"profit_abs":-0.4972754,"wins":1,"draws":0,"losses":1,"trades":2,"profit_factor":0.37596283},{"date":"23/07/2025","date_ts":1753228800000,"profit_abs":0.0,"wins":0,"draws":0,"losses":0,"trades":0,"profit_factor":0.0},{"date":"24/07/2025","date_ts":1753315200000,"profit_abs":0.37825976,"wins":1,"draws":0,"losses":2,"trades":3,"profit_factor":2.94410457},{"date":"25/07/2025","date_ts":1753401600000,"profit_abs":0.0,"wins":0,"draws":0,"losses":0,"trades":0,"profit_factor":0.0},{"date":"26/07/2025","date_ts":1753488000000,"profit_abs":-0.01565216,"wins":0,"draws":0,"losses":1,"trades":1,"profit_factor":0.0},{"date":"27/07/2025","date_ts":1753574400000,"profit_abs":0.0,"wins":0,"draws":0,"losses":0,"trades":0,"profit_factor":0.0},{"date":"28/07/2025","date_ts":1753660800000,"profit_abs":0.0,"wins":0,"draws":0,"losses":0,"trades":0,"profit_factor":0.0},{"date":"29/07/2025","date_ts":1753747200000,"profit_abs":-0.86538252,"wins":0,"draws":0,"losses":2,"trades":2,"profit_factor":0.0},{"date":"30/07/2025","date_ts":1753833600000,"profit_abs":-0.59491692,"wins":0,"draws":0,"losses":2,"trades":2,"profit_factor":0.0},{"date":"31/07/2025","date_ts":1753920000000,"profit_abs":0.0,"wins":0,"draws":0,"losses":0,"trades":0,"profit_factor":0.0},{"date":"01/08/2025","date_ts":1754006400000,"profit_abs":0.0,"wins":0,"draws":0,"losses":0,"trades":0,"profit_factor":0.0},{"date":"02/08/2025","date_ts":1754092800000,"profit_abs":0.0,"wins":0,"draws":0,"losses":0,"trades":0,"profit_factor":0.0},{"date":"03/08/2025","date_ts":1754179200000,"profit_abs":-0.65406684,"wins":1,"draws":0,"losses":1,"trades":2,"profit_factor":0.02741997},{"date":"04/08/2025","date_ts":1754265600000,"profit_abs":-0.57467024,"wins":0,"draws":0,"losses":1,"trades":1,"profit_factor":0.0},{"date":"05/08/2025","date_ts":1754352000000,"profit_abs":0.0,"wins":0,"draws":0,"losses":0,"trades":0,"profit_factor":0.0},{"date":"06/08/2025","date_ts":1754438400000,"profit_abs":-0.0449774,"wins":0,"draws":0,"losses":1,"trades":1,"profit_factor":0.0}],"week":[{"date":"16/06/2025","date_ts":1750032000000,"profit_abs":-4.9275369,"wins":2,"draws":0,"losses":7,"trades":9,"profit_factor":0.08094907},{"date":"23/06/2025","date_ts":1750636800000,"profit_abs":-1.1603372,"wins":2,"draws":0,"losses":3,"trades":5,"profit_factor":0.55565218},{"date":"30/06/2025","date_ts":1751241600000,"profit_abs":-2.36359998,"wins":1,"draws":0,"losses":6,"trades":7,"profit_factor":0.10197281},{"date":"07/07/2025","date_ts":1751846400000,"profit_abs":-2.18095468,"wins":0,"draws":0,"losses":5,"trades":5,"profit_factor":0.0},{"date":"14/07/2025","date_ts":1752451200000,"profit_abs":-3.25222156,"wins":0,"draws":0,"losses":8,"trades":8,"profit_factor":0.0},{"date":"21/07/2025","date_ts":1753056000000,"profit_abs":-2.66342116,"wins":1,"draws":0,"losses":4,"trades":5,"profit_factor":0.00202188},{"date":"28/07/2025","date_ts":1753660800000,"profit_abs":-0.1346678,"wins":2,"draws":0,"losses":4,"trades":6,"profit_factor":0.86628001},{"date":"04/08/2025","date_ts":1754265600000,"profit_abs":-2.68903652,"wins":1,"draws":0,"losses":6,"trades":7,"profit_factor":0.00681081},{"date":"11/08/2025","date_ts":1754870400000,"profit_abs":-0.0449774,"wins":0,"draws":0,"losses":1,"trades":1,"profit_factor":0.0}],"month":[{"date":"30/06/2025","date_ts":1751241600000,"profit_abs":-8.45147408,"wins":5,"draws":0,"losses":16,"trades":21,"profit_factor":0.20305707},{"date":"31/07/2025","date_ts":1753920000000,"profit_abs":-9.69156464,"wins":3,"draws":0,"losses":25,"trades":28,"profit_factor":0.08305276},{"date":"31/08/2025","date_ts":1756598400000,"profit_abs":-1.27371448,"wins":1,"draws":0,"losses":3,"trades":4,"profit_factor":0.01427083}],"year":[{"date":"31/12/2025","date_ts":1767139200000,"profit_abs":-19.4167532,"wins":9,"draws":0,"losses":44,"trades":53,"profit_factor":0.13574268}]},"backtest_best_day":0.0011816983604559749,"backtest_worst_day":-0.0058703844688997526,"backtest_best_day_abs":0.37825976,"backtest_worst_day_abs":-1.85384196,"winning_days":3,"draw_days":24,"losing_days":31,"daily_profit":[["2025-06-10",0.21387696],["2025-06-11",-0.76734582],["2025-06-12",-0.40950714],["2025-06-13",-1.85384196],["2025-06-14",-1.0390527],["2025-06-15",-1.07166624],["2025-06-16",0.0],["2025-06-17",0.0],["2025-06-18",-0.68075444],["2025-06-19",0.0],["2025-06-20",0.0],["2025-06-21",0.0],["2025-06-22",-0.67853076],["2025-06-23",0.198948],["2025-06-24",-0.46236576],["2025-06-25",0.0],["2025-06-26",-0.38534268],["2025-06-27",-0.53810856],["2025-06-28",-0.47615694],["2025-06-29",0.0],["2025-06-30",-0.50162604],["2025-07-01",0.0],["2025-07-02",0.0],["2025-07-03",-0.47265052],["2025-07-04",-0.49662612],["2025-07-05",-1.1461761],["2025-07-06",0.0],["2025-07-07",-0.06550194],["2025-07-08",-0.61865288],["2025-07-09",-0.61859444],["2025-07-10",0.0],["2025-07-11",-1.1070574],["2025-07-12",0.0],["2025-07-13",0.0],["2025-07-14",-0.90791684],["2025-07-15",-0.47329472],["2025-07-16",-0.33208472],["2025-07-17",-1.08806156],["2025-07-18",-0.76998016],["2025-07-19",0.0],["2025-07-20",0.0],["2025-07-21",0.0],["2025-07-22",-0.4972754],["2025-07-23",0.0],["2025-07-24",0.37825976],["2025-07-25",0.0],["2025-07-26",-0.01565216],["2025-07-27",0.0],["2025-07-28",0.0],["2025-07-29",-0.86538252],["2025-07-30",-0.59491692],["2025-07-31",0.0],["2025-08-01",0.0],["2025-08-02",0.0],["2025-08-03",-0.65406684],["2025-08-04",-0.57467024],["2025-08-05",0.0],["2025-08-06",-0.0449774]],"wins":9,"losses":44,"draws":0,"winrate":0.16981132075471697,"holding_avg":"0:16:00","holding_avg_s":960.0,"winner_holding_min":"0d 00:10","winner_holding_min_s":600.0,"winner_holding_max":"0d 00:35","winner_holding_max_s":2100.0,"winner_holding_avg":"0d 00:19","winner_holding_avg_s":1140.0,"loser_holding_min":"0d 00:05","loser_holding_min_s":300.0,"loser_holding_max":"0d 00:35","loser_holding_max_s":2100.0,"loser_holding_avg":"0d 00:15","loser_holding_avg_s":900.0,"max_consecutive_wins":2,"max_consecutive_losses":20,"max_drawdown_account":0.019626432518277354,"max_relative_drawdown":0.019626432518277354,"max_drawdown_abs":19.63063016,"drawdown_start":"2025-06-10 13:20:00","drawdown_start_ts":1749561600000.0,"drawdown_end":"2025-08-06 11:30:00","drawdown_end_ts":1754479800000.0,"max_drawdown_low":-19.4167532,"max_drawdown_high":0.21387696,"csum_min":980.5832468,"csum_max":1000.21387696}},"strategy_comparison":[{"key":"NewsHeliusBitqueryML","trades":53,"profit_mean":-0.0013528015299909958,"profit_mean_pct":-0.14,"profit_sum":-0.07169848108952277,"profit_sum_pct":-7.17,"profit_total_abs":-19.4167532,"profit_total":-0.019416753199999998,"profit_total_pct":-1.94,"duration_avg":"0:16:00","wins":9,"draws":0,"losses":44,"winrate":0.16981132075471697,"cagr":-0.11244109250893253,"expectancy":-0.3663538339622641,"expectancy_ratio":-0.7174966463985839,"sortino":-18.573765562244294,"sharpe":-13.31631637327381,"calmar":-31.50144145973041,"sqn":-5.69,"profit_factor":0.13574267592897843,"max_drawdown_account":0.019626432518277354,"max_drawdown_abs":"19.631"}]}