{"strategy":{"NewsHeliusBitqueryML":{"trades":[{"pair":"SOL/USDT:USDT","stake_amount":317.94,"max_stake_amount":317.94,"amount":2.1,"open_date":"2025-07-02 17:55:00+00:00","close_date":"2025-07-02 19:20:00+00:00","open_rate":151.4,"close_rate":152.33924354612768,"fee_open":0.0006,"fee_close":0.0006,"trade_duration":85,"profit_ratio":0.004997001798920648,"profit_abs":1.5897,"exit_reason":"roi","initial_stop_loss_abs":148.38,"initial_stop_loss_ratio":-0.02,"stop_loss_abs":148.38,"stop_loss_ratio":-0.02,"min_rate":150.99,"max_rate":152.38,"is_open":false,"enter_tag":"","leverage":1.0,"is_short":false,"open_timestamp":1751478900000,"close_timestamp":1751484000000,"orders":[{"amount":2.1,"safe_price":151.4,"ft_order_side":"buy","order_filled_timestamp":1751478900000,"ft_is_entry":true,"ft_order_tag":"","cost":318.130764},{"amount":2.1,"safe_price":152.33924354612768,"ft_order_side":"sell","order_filled_timestamp":1751484000000,"ft_is_entry":false,"ft_order_tag":"roi","cost":320.1043588937362}],"funding_fees":0.0}],"locks":[],"best_pair":{"key":"SOL/USDT:USDT","trades":1,"profit_mean":0.004997001798920648,"profit_mean_pct":0.5,"profit_sum":0.004997001798920648,"profit_sum_pct":0.5,"profit_total_abs":1.5897,"profit_total":0.0015896999999999999,"profit_total_pct":0.16,"duration_avg":"1:25:00","wins":1,"draws":0,"losses":0,"winrate":1.0,"cagr":0.004843188707741586,"expectancy":1.5897,"expectancy_ratio":100.0,"sortino":-100,"sharpe":-100,"calmar":-100,"sqn":-100.0,"profit_factor":0.0,"max_drawdown_account":0.0,"max_drawdown_abs":0.0},"worst_pair":{"key":"BTC/USDT:USDT","trades":0,"profit_mean":0.0,"profit_mean_pct":0.0,"profit_sum":0.0,"profit_sum_pct":0.0,"profit_total_abs":0.0,"profit_total":0.0,"profit_total_pct":0.0,"duration_avg":"0:00","wins":0,"draws":0,"losses":0,"winrate":0.0,"cagr":0.0,"expectancy":0.0,"expectancy_ratio":100.0,"sortino":0,"sharpe":0,"calmar":0,"sqn":0.0,"profit_factor":0.0,"max_drawdown_account":0.0,"max_drawdown_abs":0.0},"results_per_pair":[{"key":"SOL/USDT:USDT","trades":1,"profit_mean":0.004997001798920648,"profit_mean_pct":0.5,"profit_sum":0.004997001798920648,"profit_sum_pct":0.5,"profit_total_abs":1.5897,"profit_total":0.0015896999999999999,"profit_total_pct":0.16,"duration_avg":"1:25:00","wins":1,"draws":0,"losses":0,"winrate":1.0,"cagr":0.004843188707741586,"expectancy":1.5897,"expectancy_ratio":100.0,"sortino":-100,"sharpe":-100,"calmar":-100,"sqn":-100.0,"profit_factor":0.0,"max_drawdown_account":0.0,"max_drawdown_abs":0.0},{"key":"BTC/USDT:USDT","trades":0,"profit_mean":0.0,"profit_mean_pct":0.0,"profit_sum":0.0,"profit_sum_pct":0.0,"profit_total_abs":0.0,"profit_total":0.0,"profit_total_pct":0.0,"duration_avg":"0:00","wins":0,"draws":0,"losses":0,"winrate":0.0,"cagr":0.0,"expectancy":0.0,"expectancy_ratio":100.0,"sortino":0,"sharpe":0,"calmar":0,"sqn":0.0,"profit_factor":0.0,"max_drawdown_account":0.0,"max_drawdown_abs":0.0},{"key":"ETH/USDT:USDT","trades":0,"profit_mean":0.0,"profit_mean_pct":0.0,"profit_sum":0.0,"profit_sum_pct":0.0,"profit_total_abs":0.0,"profit_total":0.0,"profit_total_pct":0.0,"duration_avg":"0:00","wins":0,"draws":0,"losses":0,"winrate":0.0,"cagr":0.0,"expectancy":0.0,"expectancy_ratio":100.0,"sortino":0,"sharpe":0,"calmar":0,"sqn":0.0,"profit_factor":0.0,"max_drawdown_account":0.0,"max_drawdown_abs":0.0},{"key":"TOTAL","trades":1,"profit_mean":0.004997001798920648,"profit_mean_pct":0.5,"profit_sum":0.004997001798920648,"profit_sum_pct":0.5,"profit_total_abs":1.5897,"profit_total":0.0015896999999999999,"profit_total_pct":0.16,"duration_avg":"1:25:00","wins":1,"draws":0,"losses":0,"winrate":1.0,"cagr":0.004843188707741586,"expectancy":1.5897,"expectancy_ratio":100.0,"sortino":-100,"sharpe":-100,"calmar":-100,"sqn":-100.0,"profit_factor":0.0,"max_drawdown_account":0.0,"max_drawdown_abs":0.0}],"results_per_enter_tag":[{"key":"","trades":1,"profit_mean":0.004997001798920648,"profit_mean_pct":0.5,"profit_sum":0.004997001798920648,"profit_sum_pct":0.5,"profit_total_abs":1.5897,"profit_total":0.0015896999999999999,"profit_total_pct":0.16,"duration_avg":"1:25:00","wins":1,"draws":0,"losses":0,"winrate":1.0,"cagr":0.004843188707741586,"expectancy":1.5897,"expectancy_ratio":100.0,"sortino":-100,"sharpe":-100,"calmar":-100,"sqn":-100.0,"profit_factor":0.0,"max_drawdown_account":0.0,"max_drawdown_abs":0.0},{"key":"TOTAL","trades":1,"profit_mean":0.004997001798920648,"profit_mean_pct":0.5,"profit_sum":0.004997001798920648,"profit_sum_pct":0.5,"profit_total_abs":1.5897,"profit_total":0.0015896999999999999,"profit_total_pct":0.16,"duration_avg":"1:25:00","wins":1,"draws":0,"losses":0,"winrate":1.0,"cagr":0.004843188707741586,"expectancy":1.5897,"expectancy_ratio":100.0,"sortino":-100,"sharpe":-100,"calmar":-100,"sqn":-100.0,"profit_factor":0.0,"max_drawdown_account":0.0,"max_drawdown_abs":0.0}],"exit_reason_summary":[{"key":"roi","trades":1,"profit_mean":0.004997001798920648,"profit_mean_pct":0.5,"profit_sum":0.004997001798920648,"profit_sum_pct":0.5,"profit_total_abs":1.5897,"profit_total":0.0015896999999999999,"profit_total_pct":0.16,"duration_avg":"1:25:00","wins":1,"draws":0,"losses":0,"winrate":1.0,"cagr":0.004843188707741586,"expectancy":1.5897,"expectancy_ratio":100.0,"sortino":-100,"sharpe":-100,"calmar":-100,"sqn":-100.0,"profit_factor":0.0,"max_drawdown_account":0.0,"max_drawdown_abs":0.0},{"key":"TOTAL","trades":1,"profit_mean":0.004997001798920648,"profit_mean_pct":0.5,"profit_sum":0.004997001798920648,"profit_sum_pct":0.5,"profit_total_abs":1.5897,"profit_total":0.0015896999999999999,"profit_total_pct":0.16,"duration_avg":"1:25:00","wins":1,"draws":0,"losses":0,"winrate":1.0,"cagr":0.004843188707741586,"expectancy":1.5897,"expectancy_ratio":100.0,"sortino":-100,"sharpe":-100,"calmar":-100,"sqn":-100.0,"profit_factor":0.0,"max_drawdown_account":0.0,"max_drawdown_abs":0.0}],"mix_tag_stats":[{"key":["","roi"],"trades":1,"profit_mean":0.004997001798920648,"profit_mean_pct":0.5,"profit_sum":0.004997001798920648,"profit_sum_pct":0.5,"profit_total_abs":1.5897,"profit_total":0.0015896999999999999,"profit_total_pct":0.16,"duration_avg":"1:25:00","wins":1,"draws":0,"losses":0,"winrate":1.0,"cagr":0.004843188707741586,"expectancy":1.5897,"expectancy_ratio":100.0,"sortino":-100,"sharpe":-100,"calmar":-100,"sqn":-100.0,"profit_factor":0.0,"max_drawdown_account":0.0,"max_drawdown_abs":0.0},{"key":"TOTAL","trades":1,"profit_mean":0.004997001798920648,"profit_mean_pct":0.5,"profit_sum":0.004997001798920648,"profit_sum_pct":0.5,"profit_total_abs":1.5897,"profit_total":0.0015896999999999999,"profit_total_pct":0.16,"duration_avg":"1:25:00","wins":1,"draws":0,"losses":0,"winrate":1.0,"cagr":0.004843188707741586,"expectancy":1.5897,"expectancy_ratio":100.0,"sortino":-100,"sharpe":-100,"calmar":-100,"sqn":-100.0,"profit_factor":0.0,"max_drawdown_account":0.0,"max_drawdown_abs":0.0}],"left_open_trades":[{"key":"TOTAL","trades":0,"profit_mean":0.0,"profit_mean_pct":0.0,"profit_sum":0.0,"profit_sum_pct":0.0,"profit_total_abs":0.0,"profit_total":0.0,"profit_total_pct":0.0,"duration_avg":"0:00","wins":0,"draws":0,"losses":0,"winrate":0.0,"cagr":0.0,"expectancy":0.0,"expectancy_ratio":100.0,"sortino":0,"sharpe":0,"calmar":0,"sqn":0.0,"profit_factor":0.0,"max_drawdown_account":0.0,"max_drawdown_abs":0.0}],"total_trades":1,"trade_count_long":1,"trade_count_short":0,"total_volume":638.2351228937362,"avg_stake_amount":317.94,"profit_mean":0.004997001798920648,"profit_median":0.004997001798920648,"profit_total":0.0015896999999999999,"profit_total_long":0.0015896999999999999,"profit_total_short":0.0,"profit_total_abs":1.5897,"profit_total_long_abs":1.5897,"profit_total_short_abs":0.0,"cagr":0.004843188707741586,"expectancy":1.5897,"expectancy_ratio":100.0,"sortino":-100,"sharpe":-100,"calmar":-100,"sqn":-100.0,"profit_factor":0.0,"backtest_start":"2025-04-11 21:10:00","backtest_start_ts":1744405800000,"backtest_end":"2025-08-09 22:50:00","backtest_end_ts":1754779800000,"backtest_days":120,"backtest_run_start_ts":1754780209,"backtest_run_end_ts":1754780209,"trades_per_day":0.01,"market_change":0.8557423451980695,"pairlist":["BTC/USDT:USDT","ETH/USDT:USDT","SOL/USDT:USDT"],"stake_amount":"unlimited","stake_currency":"USDT","stake_currency_decimals":3,"starting_balance":1000,"dry_run_wallet":1000,"final_balance":1001.5897,"rejected_signals":0,"timedout_entry_orders":0,"timedout_exit_orders":0,"canceled_trade_entries":0,"canceled_entry_orders":0,"replaced_entry_orders":0,"max_open_trades":3,"max_open_trades_setting":3,"timeframe":"5m","timeframe_detail":"","timerange":"20240101-","enable_protections":false,"strategy_name":"NewsHeliusBitqueryML","stoploss":-0.02,"trailing_stop":false,"trailing_stop_positive":null,"trailing_stop_positive_offset":0.0,"trailing_only_offset_is_reached":false,"use_custom_stoploss":false,"minimal_roi":{"0":0.02,"40":0.01,"60":0.005,"120":0},"use_exit_signal":true,"exit_profit_only":false,"exit_profit_offset":0.0,"ignore_roi_if_entry_signal":false,"trading_mode":"futures","margin_mode":"isolated","periodic_breakdown":{"day":[{"date":"02/07/2025","date_ts":1751414400000,"profit_abs":1.5897,"wins":1,"draws":0,"losses":0,"trades":1,"profit_factor":0.0}],"week":[{"date":"07/07/2025","date_ts":1751846400000,"profit_abs":1.5897,"wins":1,"draws":0,"losses":0,"trades":1,"profit_factor":0.0}],"month":[{"date":"31/07/2025","date_ts":1753920000000,"profit_abs":1.5897,"wins":1,"draws":0,"losses":0,"trades":1,"profit_factor":0.0}],"year":[{"date":"31/12/2025","date_ts":1767139200000,"profit_abs":1.5897,"wins":1,"draws":0,"losses":0,"trades":1,"profit_factor":0.0}]},"backtest_best_day":0.004997001798920648,"backtest_worst_day":0.004997001798920648,"backtest_best_day_abs":1.5897,"backtest_worst_day_abs":1.5897,"winning_days":1,"draw_days":0,"losing_days":0,"daily_profit":[["2025-07-02",1.5897]],"wins":1,"losses":0,"draws":0,"winrate":1.0,"holding_avg":"1:25:00","holding_avg_s":5100.0,"winner_holding_min":"0d 01:25","winner_holding_min_s":5100.0,"winner_holding_max":"0d 01:25","winner_holding_max_s":5100.0,"winner_holding_avg":"0d 01:25","winner_holding_avg_s":5100.0,"loser_holding_min":"0d 00:00","loser_holding_min_s":0.0,"loser_holding_max":"0d 00:00","loser_holding_max_s":0.0,"loser_holding_avg":"0d 00:00","loser_holding_avg_s":0.0,"max_consecutive_wins":1,"max_consecutive_losses":0,"max_drawdown_account":0.0,"max_relative_drawdown":0.0,"max_drawdown_abs":0.0,"drawdown_start":"2025-07-02 19:20:00","drawdown_start_ts":1751484000000.0,"drawdown_end":"2025-07-02 19:20:00","drawdown_end_ts":1751484000000.0,"max_drawdown_low":1.5897,"max_drawdown_high":1.5897,"csum_min":1001.5897,"csum_max":1001.5897}},"strategy_comparison":[{"key":"NewsHeliusBitqueryML","trades":1,"profit_mean":0.004997001798920648,"profit_mean_pct":0.5,"profit_sum":0.004997001798920648,"profit_sum_pct":0.5,"profit_total_abs":1.5897,"profit_total":0.0015896999999999999,"profit_total_pct":0.16,"duration_avg":"1:25:00","wins":1,"draws":0,"losses":0,"winrate":1.0,"cagr":0.004843188707741586,"expectancy":1.5897,"expectancy_ratio":100.0,"sortino":-100,"sharpe":-100,"calmar":-100,"sqn":-100.0,"profit_factor":0.0,"max_drawdown_account":0.0,"max_drawdown_abs":"0"}]}