{"strategy":{"NewsHeliusBitqueryML":{"trades":[{"pair":"ETH/USDT","stake_amount":28.2805627,"max_stake_amount":28.2805627,"amount":0.01801,"open_date":"2025-04-11 20:25:00+00:00","close_date":"2025-04-11 21:20:00+00:00","open_rate":1570.27,"close_rate":1581.2728928928927,"fee_open":0.001,"fee_close":0.001,"trade_duration":55,"profit_ratio":0.004995004871368717,"profit_abs":0.14140281,"exit_reason":"roi","initial_stop_loss_abs":1538.87,"initial_stop_loss_ratio":-0.02,"stop_loss_abs":1538.87,"stop_loss_ratio":-0.02,"min_rate":1568.73,"max_rate":1586.98,"is_open":false,"enter_tag":"","leverage":1.0,"is_short":false,"open_timestamp":1744403100000,"close_timestamp":1744406400000,"orders":[{"amount":0.01801,"safe_price":1570.27,"ft_order_side":"buy","order_filled_timestamp":1744403100000,"ft_is_entry":true,"ft_order_tag":"","cost":28.308843262699998},{"amount":0.01801,"safe_price":1581.2728928928927,"ft_order_side":"sell","order_filled_timestamp":1744406400000,"ft_is_entry":false,"ft_order_tag":"roi","cost":28.507203525801998}],"funding_fees":0.0},{"pair":"ETH/USDT","stake_amount":28.2738132,"max_stake_amount":28.2738132,"amount":0.01718,"open_date":"2025-04-13 01:10:00+00:00","close_date":"2025-04-13 01:20:00+00:00","open_rate":1645.74,"close_rate":1640.5,"fee_open":0.001,"fee_close":0.001,"trade_duration":10,"profit_ratio":-0.005175618318595439,"profit_abs":-0.1464808,"exit_reason":"exit_signal","initial_stop_loss_abs":1612.83,"initial_stop_loss_ratio":-0.02,"stop_loss_abs":1612.83,"stop_loss_ratio":-0.02,"min_rate":1639.76,"max_rate":1648.21,"is_open":false,"enter_tag":"","leverage":1.0,"is_short":false,"open_timestamp":1744506600000,"close_timestamp":1744507200000,"orders":[{"amount":0.01718,"safe_price":1645.74,"ft_order_side":"buy","order_filled_timestamp":1744506600000,"ft_is_entry":true,"ft_order_tag":"","cost":28.3020870132},{"amount":0.01718,"safe_price":1640.5,"ft_order_side":"sell","order_filled_timestamp":1744507200000,"ft_is_entry":false,"ft_order_tag":"exit_signal","cost":28.21197379}],"funding_fees":0.0},{"pair":"ETH/USDT","stake_amount":28.2850089,"max_stake_amount":28.2850089,"amount":0.01739,"open_date":"2025-04-14 07:10:00+00:00","close_date":"2025-04-14 07:15:00+00:00","open_rate":1626.51,"close_rate":1616.05,"fee_open":0.001,"fee_close":0.001,"trade_duration":5,"profit_ratio":-0.008416100251941958,"profit_abs":-0.23828752,"exit_reason":"exit_signal","initial_stop_loss_abs":1593.98,"initial_stop_loss_ratio":-0.02,"stop_loss_abs":1593.98,"stop_loss_ratio":-0.02,"min_rate":1613.01,"max_rate":1626.99,"is_open":false,"enter_tag":"","leverage":1.0,"is_short":false,"open_timestamp":1744614600000,"close_timestamp":1744614900000,"orders":[{"amount":0.01739,"safe_price":1626.51,"ft_order_side":"buy","order_filled_timestamp":1744614600000,"ft_is_entry":true,"ft_order_tag":"","cost":28.313293908899993},{"amount":0.01739,"safe_price":1616.05,"ft_order_side":"sell","order_filled_timestamp":1744614900000,"ft_is_entry":false,"ft_order_tag":"exit_signal","cost":28.131212609499997}],"funding_fees":0.0},{"pair":"BTC/USDT","stake_amount":28.2679632,"max_stake_amount":28.2679632,"amount":0.000324,"open_date":"2025-04-21 14:05:00+00:00","close_date":"2025-04-21 14:25:00+00:00","open_rate":87246.8,"close_rate":88294.8096096096,"fee_open":0.001,"fee_close":0.001,"trade_duration":20,"profit_ratio":0.009990009919329199,"profit_abs":0.28267963,"exit_reason":"roi","initial_stop_loss_abs":85501.87,"initial_stop_loss_ratio":-0.02,"stop_loss_abs":88080.07,"stop_loss_ratio":-0.004,"min_rate":87185.5,"max_rate":88433.8,"is_open":false,"enter_tag":"","leverage":1.0,"is_short":false,"open_timestamp":1745244300000,"close_timestamp":1745245500000,"orders":[{"amount":0.000324,"safe_price":87246.8,"ft_order_side":"buy","order_filled_timestamp":1745244300000,"ft_is_entry":true,"ft_order_tag":"","cost":28.296231163199998},{"amount":0.000324,"safe_price":88294.8096096096,"ft_order_side":"sell","order_filled_timestamp":1745245500000,"ft_is_entry":false,"ft_order_tag":"roi","cost":28.636125831827023}],"funding_fees":0.0},{"pair":"SOL/USDT","stake_amount":28.26879,"max_stake_amount":28.26879,"amount":0.187,"open_date":"2025-04-24 23:10:00+00:00","close_date":"2025-04-24 23:30:00+00:00","open_rate":151.17,"close_rate":152.27,"fee_open":0.001,"fee_close":0.001,"trade_duration":20,"profit_ratio":0.005264035428750649,"profit_abs":0.14895672,"exit_reason":"trailing_stop_loss","initial_stop_loss_abs":148.15,"initial_stop_loss_ratio":-0.02,"stop_loss_abs":152.27,"stop_loss_ratio":-0.004,"min_rate":151.0,"max_rate":152.88,"is_open":false,"enter_tag":"","leverage":1.0,"is_short":false,"open_timestamp":1745536200000,"close_timestamp":1745537400000,"orders":[{"amount":0.187,"safe_price":151.17,"ft_order_side":"buy","order_filled_timestamp":1745536200000,"ft_is_entry":true,"ft_order_tag":"","cost":28.297058789999998},{"amount":0.187,"safe_price":152.27,"ft_order_side":"sell","order_filled_timestamp":1745537400000,"ft_is_entry":false,"ft_order_tag":"trailing_stop_loss","cost":28.50296449}],"funding_fees":0.0}],"locks":[],"best_pair":{"key":"BTC/USDT","trades":1,"profit_mean":0.009990009919329199,"profit_mean_pct":1.0,"profit_sum":0.009990009919329199,"profit_sum_pct":1.0,"profit_total_abs":0.28267963,"profit_total":0.00028267963,"profit_total_pct":0.03,"duration_avg":"0:20:00","wins":1,"draws":0,"losses":0,"winrate":1.0,"cagr":0.005747760044668704,"expectancy":0.28267963,"expectancy_ratio":100.0,"sortino":-100,"sharpe":-100,"calmar":-100,"sqn":-100.0,"profit_factor":0.0,"max_drawdown_account":0.0,"max_drawdown_abs":0.0},"worst_pair":{"key":"ETH/USDT","trades":3,"profit_mean":-0.0028655712330562266,"profit_mean_pct":-0.29,"profit_sum":-0.00859671369916868,"profit_sum_pct":-0.86,"profit_total_abs":-0.24336551,"profit_total":-0.00024336551000000002,"profit_total_pct":-0.02,"duration_avg":"0:23:00","wins":1,"draws":0,"losses":2,"winrate":0.3333333333333333,"cagr":-0.004923352693606553,"expectancy":-0.08112183666666666,"expectancy_ratio":-0.42166588281834994,"sortino":-5.627149854920965,"sharpe":-1.5969313293482823,"calmar":-67.14212090779658,"sqn":-0.7093,"profit_factor":0.3675011757724752,"max_drawdown_account":0.00038471392037064814,"max_drawdown_abs":0.38476832},"results_per_pair":[{"key":"BTC/USDT","trades":1,"profit_mean":0.009990009919329199,"profit_mean_pct":1.0,"profit_sum":0.009990009919329199,"profit_sum_pct":1.0,"profit_total_abs":0.28267963,"profit_total":0.00028267963,"profit_total_pct":0.03,"duration_avg":"0:20:00","wins":1,"draws":0,"losses":0,"winrate":1.0,"cagr":0.005747760044668704,"expectancy":0.28267963,"expectancy_ratio":100.0,"sortino":-100,"sharpe":-100,"calmar":-100,"sqn":-100.0,"profit_factor":0.0,"max_drawdown_account":0.0,"max_drawdown_abs":0.0},{"key":"SOL/USDT","trades":1,"profit_mean":0.005264035428750649,"profit_mean_pct":0.53,"profit_sum":0.005264035428750649,"profit_sum_pct":0.53,"profit_total_abs":0.14895672,"profit_total":0.00014895672,"profit_total_pct":0.01,"duration_avg":"0:20:00","wins":1,"draws":0,"losses":0,"winrate":1.0,"cagr":0.0030248519863997902,"expectancy":0.14895672,"expectancy_ratio":100.0,"sortino":-100,"sharpe":-100,"calmar":-100,"sqn":-100.0,"profit_factor":0.0,"max_drawdown_account":0.0,"max_drawdown_abs":0.0},{"key":"ETH/USDT","trades":3,"profit_mean":-0.0028655712330562266,"profit_mean_pct":-0.29,"profit_sum":-0.00859671369916868,"profit_sum_pct":-0.86,"profit_total_abs":-0.24336551,"profit_total":-0.00024336551000000002,"profit_total_pct":-0.02,"duration_avg":"0:23:00","wins":1,"draws":0,"losses":2,"winrate":0.3333333333333333,"cagr":-0.004923352693606553,"expectancy":-0.08112183666666666,"expectancy_ratio":-0.42166588281834994,"sortino":-5.627149854920965,"sharpe":-1.5969313293482823,"calmar":-67.14212090779658,"sqn":-0.7093,"profit_factor":0.3675011757724752,"max_drawdown_account":0.00038471392037064814,"max_drawdown_abs":0.38476832},{"key":"TOTAL","trades":5,"profit_mean":0.0013314663297822335,"profit_mean_pct":0.13,"profit_sum":0.006657331648911168,"profit_sum_pct":0.67,"profit_total_abs":0.18827084,"profit_total":0.00018827084,"profit_total_pct":0.02,"duration_avg":"0:22:00","wins":3,"draws":0,"losses":2,"winrate":0.6,"cagr":0.0038246502978735997,"expectancy":0.03765416799999999,"expectancy_ratio":0.1957238475350569,"sortino":4.3532390024858,"sharpe":1.016470032419617,"calmar":51.94205005751401,"sqn":0.3831,"profit_factor":1.4893096188376422,"max_drawdown_account":0.00038471392037064814,"max_drawdown_abs":0.38476832}],"results_per_enter_tag":[{"key":"","trades":5,"profit_mean":0.0013314663297822335,"profit_mean_pct":0.13,"profit_sum":0.006657331648911168,"profit_sum_pct":0.67,"profit_total_abs":0.18827084,"profit_total":0.00018827084,"profit_total_pct":0.02,"duration_avg":"0:22:00","wins":3,"draws":0,"losses":2,"winrate":0.6,"cagr":0.0038246502978735997,"expectancy":0.03765416799999999,"expectancy_ratio":0.1957238475350569,"sortino":4.3532390024858,"sharpe":1.016470032419617,"calmar":51.94205005751401,"sqn":0.3831,"profit_factor":1.4893096188376422,"max_drawdown_account":0.00038471392037064814,"max_drawdown_abs":0.38476832},{"key":"TOTAL","trades":5,"profit_mean":0.0013314663297822335,"profit_mean_pct":0.13,"profit_sum":0.006657331648911168,"profit_sum_pct":0.67,"profit_total_abs":0.18827084,"profit_total":0.00018827084,"profit_total_pct":0.02,"duration_avg":"0:22:00","wins":3,"draws":0,"losses":2,"winrate":0.6,"cagr":0.0038246502978735997,"expectancy":0.03765416799999999,"expectancy_ratio":0.1957238475350569,"sortino":4.3532390024858,"sharpe":1.016470032419617,"calmar":51.94205005751401,"sqn":0.3831,"profit_factor":1.4893096188376422,"max_drawdown_account":0.00038471392037064814,"max_drawdown_abs":0.38476832}],"exit_reason_summary":[{"key":"roi","trades":2,"profit_mean":0.007492507395348957,"profit_mean_pct":0.75,"profit_sum":0.014985014790697915,"profit_sum_pct":1.5,"profit_total_abs":0.42408244,"profit_total":0.00042408244,"profit_total_pct":0.04,"duration_avg":"0:38:00","wins":2,"draws":0,"losses":0,"winrate":1.0,"cagr":0.008634692296219937,"expectancy":0.21204122,"expectancy_ratio":100.0,"sortino":-100,"sharpe":6.372110552565959,"calmar":-100,"sqn":3.0018,"profit_factor":0.0,"max_drawdown_account":0.0,"max_drawdown_abs":0.0},{"key":"trailing_stop_loss","trades":1,"profit_mean":0.005264035428750649,"profit_mean_pct":0.53,"profit_sum":0.005264035428750649,"profit_sum_pct":0.53,"profit_total_abs":0.14895672,"profit_total":0.00014895672,"profit_total_pct":0.01,"duration_avg":"0:20:00","wins":1,"draws":0,"losses":0,"winrate":1.0,"cagr":0.0030248519863997902,"expectancy":0.14895672,"expectancy_ratio":100.0,"sortino":-100,"sharpe":-100,"calmar":-100,"sqn":-100.0,"profit_factor":0.0,"max_drawdown_account":0.0,"max_drawdown_abs":0.0},{"key":"exit_signal","trades":2,"profit_mean":-0.006795859285268699,"profit_mean_pct":-0.68,"profit_sum":-0.013591718570537398,"profit_sum_pct":-1.36,"profit_total_abs":-0.38476832,"profit_total":-0.00038476832,"profit_total_pct":-0.04,"duration_avg":"0:08:00","wins":0,"draws":0,"losses":2,"winrate":0.0,"cagr":-0.007773377713785834,"expectancy":-0.19238416,"expectancy_ratio":-1.0,"sortino":-8.896696150848094,"sharpe":-8.896696150848094,"calmar":-106.13873985856154,"sqn":-4.1911,"profit_factor":0.0,"max_drawdown_account":0.0003847683200000347,"max_drawdown_abs":0.38476832},{"key":"TOTAL","trades":5,"profit_mean":0.0013314663297822335,"profit_mean_pct":0.13,"profit_sum":0.006657331648911168,"profit_sum_pct":0.67,"profit_total_abs":0.18827084,"profit_total":0.00018827084,"profit_total_pct":0.02,"duration_avg":"0:22:00","wins":3,"draws":0,"losses":2,"winrate":0.6,"cagr":0.0038246502978735997,"expectancy":0.03765416799999999,"expectancy_ratio":0.1957238475350569,"sortino":4.3532390024858,"sharpe":1.016470032419617,"calmar":51.94205005751401,"sqn":0.3831,"profit_factor":1.4893096188376422,"max_drawdown_account":0.00038471392037064814,"max_drawdown_abs":0.38476832}],"mix_tag_stats":[{"key":["","roi"],"trades":2,"profit_mean":0.007492507395348957,"profit_mean_pct":0.75,"profit_sum":0.014985014790697915,"profit_sum_pct":1.5,"profit_total_abs":0.42408244,"profit_total":0.00042408244,"profit_total_pct":0.04,"duration_avg":"0:38:00","wins":2,"draws":0,"losses":0,"winrate":1.0,"cagr":0.008634692296219937,"expectancy":0.21204122,"expectancy_ratio":100.0,"sortino":-100,"sharpe":6.372110552565959,"calmar":-100,"sqn":3.0018,"profit_factor":0.0,"max_drawdown_account":0.0,"max_drawdown_abs":0.0},{"key":["","trailing_stop_loss"],"trades":1,"profit_mean":0.005264035428750649,"profit_mean_pct":0.53,"profit_sum":0.005264035428750649,"profit_sum_pct":0.53,"profit_total_abs":0.14895672,"profit_total":0.00014895672,"profit_total_pct":0.01,"duration_avg":"0:20:00","wins":1,"draws":0,"losses":0,"winrate":1.0,"cagr":0.0030248519863997902,"expectancy":0.14895672,"expectancy_ratio":100.0,"sortino":-100,"sharpe":-100,"calmar":-100,"sqn":-100.0,"profit_factor":0.0,"max_drawdown_account":0.0,"max_drawdown_abs":0.0},{"key":["","exit_signal"],"trades":2,"profit_mean":-0.006795859285268699,"profit_mean_pct":-0.68,"profit_sum":-0.013591718570537398,"profit_sum_pct":-1.36,"profit_total_abs":-0.38476832,"profit_total":-0.00038476832,"profit_total_pct":-0.04,"duration_avg":"0:08:00","wins":0,"draws":0,"losses":2,"winrate":0.0,"cagr":-0.007773377713785834,"expectancy":-0.19238416,"expectancy_ratio":-1.0,"sortino":-8.896696150848094,"sharpe":-8.896696150848094,"calmar":-106.13873985856154,"sqn":-4.1911,"profit_factor":0.0,"max_drawdown_account":0.0003847683200000347,"max_drawdown_abs":0.38476832},{"key":"TOTAL","trades":5,"profit_mean":0.0013314663297822335,"profit_mean_pct":0.13,"profit_sum":0.006657331648911168,"profit_sum_pct":0.67,"profit_total_abs":0.18827084,"profit_total":0.00018827084,"profit_total_pct":0.02,"duration_avg":"0:22:00","wins":3,"draws":0,"losses":2,"winrate":0.6,"cagr":0.0038246502978735997,"expectancy":0.03765416799999999,"expectancy_ratio":0.1957238475350569,"sortino":4.3532390024858,"sharpe":1.016470032419617,"calmar":51.94205005751401,"sqn":0.3831,"profit_factor":1.4893096188376422,"max_drawdown_account":0.00038471392037064814,"max_drawdown_abs":0.38476832}],"left_open_trades":[{"key":"TOTAL","trades":0,"profit_mean":0.0,"profit_mean_pct":0.0,"profit_sum":0.0,"profit_sum_pct":0.0,"profit_total_abs":0.0,"profit_total":0.0,"profit_total_pct":0.0,"duration_avg":"0:00","wins":0,"draws":0,"losses":0,"winrate":0.0,"cagr":0.0,"expectancy":0.0,"expectancy_ratio":100.0,"sortino":0,"sharpe":0,"calmar":0,"sqn":0.0,"profit_factor":0.0,"max_drawdown_account":0.0,"max_drawdown_abs":0.0}],"total_trades":5,"trade_count_long":5,"trade_count_short":0,"total_volume":283.506994385129,"avg_stake_amount":28.2752276,"profit_mean":0.0013314663297822335,"profit_median":0.004995004871368717,"profit_total":0.00018827084,"profit_total_long":0.00018827084,"profit_total_short":0.0,"profit_total_abs":0.18827084,"profit_total_long_abs":0.18827084,"profit_total_short_abs":0.0,"cagr":0.0038246502978735997,"expectancy":0.03765416799999999,"expectancy_ratio":0.1957238475350569,"sortino":4.3532390024858,"sharpe":1.016470032419617,"calmar":51.94205005751401,"sqn":0.3831,"profit_factor":1.4893096188376422,"backtest_start":"2025-04-11 20:00:00","backtest_start_ts":1744401600000,"backtest_end":"2025-04-30 00:00:00","backtest_end_ts":1745971200000,"backtest_days":18,"backtest_run_start_ts":1754789086,"backtest_run_end_ts":1754789086,"trades_per_day":0.28,"market_change":0.1600228193605092,"pairlist":["BTC/USDT","ETH/USDT","SOL/USDT"],"stake_amount":"unlimited","stake_currency":"USDT","stake_currency_decimals":3,"starting_balance":1000,"dry_run_wallet":1000,"final_balance":1000.18827084,"rejected_signals":0,"timedout_entry_orders":0,"timedout_exit_orders":0,"canceled_trade_entries":0,"canceled_entry_orders":0,"replaced_entry_orders":0,"max_open_trades":3,"max_open_trades_setting":35,"timeframe":"5m","timeframe_detail":"","timerange":"20250101-20250430","enable_protections":false,"strategy_name":"NewsHeliusBitqueryML","stoploss":-0.02,"trailing_stop":true,"trailing_stop_positive":0.004,"trailing_stop_positive_offset":0.009,"trailing_only_offset_is_reached":true,"use_custom_stoploss":false,"minimal_roi":{"0":0.01,"30":0.005,"90":0.0},"use_exit_signal":true,"exit_profit_only":false,"exit_profit_offset":0.0,"ignore_roi_if_entry_signal":false,"trading_mode":"spot","margin_mode":"","periodic_breakdown":{"day":[{"date":"11/04/2025","date_ts":1744329600000,"profit_abs":0.14140281,"wins":1,"draws":0,"losses":0,"trades":1,"profit_factor":0.0},{"date":"12/04/2025","date_ts":1744416000000,"profit_abs":0.0,"wins":0,"draws":0,"losses":0,"trades":0,"profit_factor":0.0},{"date":"13/04/2025","date_ts":1744502400000,"profit_abs":-0.1464808,"wins":0,"draws":0,"losses":1,"trades":1,"profit_factor":0.0},{"date":"14/04/2025","date_ts":1744588800000,"profit_abs":-0.23828752,"wins":0,"draws":0,"losses":1,"trades":1,"profit_factor":0.0},{"date":"15/04/2025","date_ts":1744675200000,"profit_abs":0.0,"wins":0,"draws":0,"losses":0,"trades":0,"profit_factor":0.0},{"date":"16/04/2025","date_ts":1744761600000,"profit_abs":0.0,"wins":0,"draws":0,"losses":0,"trades":0,"profit_factor":0.0},{"date":"17/04/2025","date_ts":1744848000000,"profit_abs":0.0,"wins":0,"draws":0,"losses":0,"trades":0,"profit_factor":0.0},{"date":"18/04/2025","date_ts":1744934400000,"profit_abs":0.0,"wins":0,"draws":0,"losses":0,"trades":0,"profit_factor":0.0},{"date":"19/04/2025","date_ts":1745020800000,"profit_abs":0.0,"wins":0,"draws":0,"losses":0,"trades":0,"profit_factor":0.0},{"date":"20/04/2025","date_ts":1745107200000,"profit_abs":0.0,"wins":0,"draws":0,"losses":0,"trades":0,"profit_factor":0.0},{"date":"21/04/2025","date_ts":1745193600000,"profit_abs":0.28267963,"wins":1,"draws":0,"losses":0,"trades":1,"profit_factor":0.0},{"date":"22/04/2025","date_ts":1745280000000,"profit_abs":0.0,"wins":0,"draws":0,"losses":0,"trades":0,"profit_factor":0.0},{"date":"23/04/2025","date_ts":1745366400000,"profit_abs":0.0,"wins":0,"draws":0,"losses":0,"trades":0,"profit_factor":0.0},{"date":"24/04/2025","date_ts":1745452800000,"profit_abs":0.14895672,"wins":1,"draws":0,"losses":0,"trades":1,"profit_factor":0.0}],"week":[{"date":"14/04/2025","date_ts":1744588800000,"profit_abs":-0.24336551,"wins":1,"draws":0,"losses":2,"trades":3,"profit_factor":0.36750118},{"date":"21/04/2025","date_ts":1745193600000,"profit_abs":0.28267963,"wins":1,"draws":0,"losses":0,"trades":1,"profit_factor":0.0},{"date":"28/04/2025","date_ts":1745798400000,"profit_abs":0.14895672,"wins":1,"draws":0,"losses":0,"trades":1,"profit_factor":0.0}],"month":[{"date":"30/04/2025","date_ts":1745971200000,"profit_abs":0.18827084,"wins":3,"draws":0,"losses":2,"trades":5,"profit_factor":1.48930962}],"year":[{"date":"31/12/2025","date_ts":1767139200000,"profit_abs":0.18827084,"wins":3,"draws":0,"losses":2,"trades":5,"profit_factor":1.48930962}]},"backtest_best_day":0.009990009919329199,"backtest_worst_day":-0.008416100251941958,"backtest_best_day_abs":0.28267963,"backtest_worst_day_abs":-0.23828752,"winning_days":3,"draw_days":9,"losing_days":2,"daily_profit":[["2025-04-11",0.14140281],["2025-04-12",0.0],["2025-04-13",-0.1464808],["2025-04-14",-0.23828752],["2025-04-15",0.0],["2025-04-16",0.0],["2025-04-17",0.0],["2025-04-18",0.0],["2025-04-19",0.0],["2025-04-20",0.0],["2025-04-21",0.28267963],["2025-04-22",0.0],["2025-04-23",0.0],["2025-04-24",0.14895672]],"wins":3,"losses":2,"draws":0,"winrate":0.6,"holding_avg":"0:22:00","holding_avg_s":1320.0,"winner_holding_min":"0d 00:20","winner_holding_min_s":1200.0,"winner_holding_max":"0d 00:55","winner_holding_max_s":3300.0,"winner_holding_avg":"0d 00:32","winner_holding_avg_s":1920.0,"loser_holding_min":"0d 00:05","loser_holding_min_s":300.0,"loser_holding_max":"0d 00:10","loser_holding_max_s":600.0,"loser_holding_avg":"0d 00:08","loser_holding_avg_s":480.0,"max_consecutive_wins":2,"max_consecutive_losses":2,"max_drawdown_account":0.00038471392037064814,"max_relative_drawdown":0.00038471392037064814,"max_drawdown_abs":0.38476832,"drawdown_start":"2025-04-11 21:20:00","drawdown_start_ts":1744406400000.0,"drawdown_end":"2025-04-14 07:15:00","drawdown_end_ts":1744614900000.0,"max_drawdown_low":-0.24336551,"max_drawdown_high":0.14140281,"csum_min":999.75663449,"csum_max":1000.18827084}},"strategy_comparison":[{"key":"NewsHeliusBitqueryML","trades":5,"profit_mean":0.0013314663297822335,"profit_mean_pct":0.13,"profit_sum":0.006657331648911168,"profit_sum_pct":0.67,"profit_total_abs":0.18827084,"profit_total":0.00018827084,"profit_total_pct":0.02,"duration_avg":"0:22:00","wins":3,"draws":0,"losses":2,"winrate":0.6,"cagr":0.0038246502978735997,"expectancy":0.03765416799999999,"expectancy_ratio":0.1957238475350569,"sortino":4.3532390024858,"sharpe":1.016470032419617,"calmar":51.94205005751401,"sqn":0.3831,"profit_factor":1.4893096188376422,"max_drawdown_account":0.00038471392037064814,"max_drawdown_abs":"0.385"}]}